Alarm ID,Raised Timestamp,Cleared Timestamp,Device Name,Device Type,Hierarchy Level,Vendor,Alarm Type,Severity,Status,Region,City
ALM001287,2025-01-01 08:02:04,,MGR-CORE01-CS01,Core,6,CISCO,INTERFACE_FLAP,MAJOR,ACTIVE,MGR,Mangalore
ALM001101,2025-01-01 10:46:50,2025-01-01 15:45:50,HBL-METRO02-NK01,Metro,7,NOKIA,PACKET_LOSS,MAJOR,CLEARED,HBL,Hubli
ALM001030,2025-01-01 16:19:43,,MYS-ACC03-ER01,Access,9,ERICSSON,PTP_SYNC_LOSS,CRITICAL,ACKNOWLEDGED,MYS,Mysore
ALM001140,2025-01-02 04:35:29,2025-01-02 10:53:29,MYS-MWRLY01-ER01,Access,9,ERICSSON,PACKET_LOSS,MAJOR,CLEARED,MYS,Mysore
ALM001158,2025-01-02 05:29:16,2025-01-02 12:35:16,BLR-AGG02-HW01,Aggregation,8,HUAWEI,INTERFACE_FLAP,MAJOR,CLEARED,BLR,Bangalore
ALM001170,2025-01-02 10:20:12,,MGR-METRO01-NK01,Metro,7,NOKIA,PTP_SYNC_LOSS,CRITICAL,ACTIVE,MGR,Mangalore
ALM001102,2025-01-03 13:05:27,2025-01-03 13:49:27,MYS-MWRLY01-ER01,Access,9,ERICSSON,HIGH_CPU,WARNING,CLEARED,MYS,Mysore
ALM001074,2025-01-03 18:33:18,,MGR-ACC01-NK01,Access,9,NOKIA,CELL_UNAVAILABLE,CRITICAL,ACTIVE,MGR,Mangalore
ALM001092,2025-01-04 13:53:56,,MGR-ACC01-NK01,Access,9,NOKIA,HIGH_CPU,WARNING,ACTIVE,MGR,Mangalore
ALM001468,2025-01-05 20:46:24,,HBL-MWRLY02-ER01,Access,9,ERICSSON,PACKET_LOSS,MAJOR,ACTIVE,HBL,Hubli
ALM001469,2025-01-05 20:49:24,,HBL-MWRLY02-ER01,Access,9,ERICSSON,INTERFACE_FLAP,MAJOR,ACTIVE,HBL,Hubli
ALM001470,2025-01-05 20:54:24,,HBL-MWRLY02-ER01,Access,9,ERICSSON,LINK_DOWN,CRITICAL,ACTIVE,HBL,Hubli
ALM001110,2025-01-06 00:38:37,,MYS-ACC05-HW01,Access,9,HUAWEI,CELL_UNAVAILABLE,CRITICAL,ACTIVE,MYS,Mysore
ALM001091,2025-01-06 03:51:20,,OLA_BLR_MYS_01,DWDM,7,NOKIA,OLA_GAIN_DEGRADE,MAJOR,ACTIVE,BACKBONE,Transit
ALM001384,2025-01-06 22:18:31,,MGR-AGG02-NK01,Aggregation,8,NOKIA,LINK_DOWN,CRITICAL,ACTIVE,MGR,Mangalore
ALM001385,2025-01-06 22:20:31,,HBL-ACC05-ER01,Access,9,ERICSSON,PTP_SYNC_LOSS,CRITICAL,ACTIVE,HBL,Hubli
ALM001386,2025-01-06 22:20:31,,MYS-ACC01-HW01,Access,9,HUAWEI,PTP_SYNC_LOSS,CRITICAL,ACTIVE,MYS,Mysore
ALM001387,2025-01-06 22:20:31,,HBL-ACC04-NK01,Access,9,NOKIA,PTP_SYNC_LOSS,CRITICAL,ACTIVE,HBL,Hubli
ALM001388,2025-01-06 22:20:31,,BLR-ACC02-HW01,Access,9,HUAWEI,PTP_SYNC_LOSS,CRITICAL,ACTIVE,BLR,Bangalore
ALM001389,2025-01-06 22:23:31,,HBL-ACC05-ER01,Access,9,ERICSSON,CELL_UNAVAILABLE,CRITICAL,ACTIVE,HBL,Hubli
ALM001390,2025-01-06 22:23:31,,HBL-ACC05-ER01,Access,9,ERICSSON,DU_UNREACHABLE,CRITICAL,ACTIVE,HBL,Hubli
ALM001391,2025-01-06 22:23:31,,MYS-ACC01-HW01,Access,9,HUAWEI,CELL_UNAVAILABLE,CRITICAL,ACTIVE,MYS,Mysore
ALM001392,2025-01-06 22:23:31,,MYS-ACC01-HW01,Access,9,HUAWEI,DU_UNREACHABLE,CRITICAL,ACTIVE,MYS,Mysore
ALM001393,2025-01-06 22:23:31,,HBL-ACC04-NK01,Access,9,NOKIA,CELL_UNAVAILABLE,CRITICAL,ACTIVE,HBL,Hubli
ALM001394,2025-01-06 22:23:31,,HBL-ACC04-NK01,Access,9,NOKIA,DU_UNREACHABLE,CRITICAL,ACTIVE,HBL,Hubli
ALM001395,2025-01-06 22:23:31,,BLR-ACC02-HW01,Access,9,HUAWEI,CELL_UNAVAILABLE,CRITICAL,ACTIVE,BLR,Bangalore
ALM001396,2025-01-06 22:23:31,,BLR-ACC02-HW01,Access,9,HUAWEI,DU_UNREACHABLE,CRITICAL,ACTIVE,BLR,Bangalore
ALM001130,2025-01-06 23:52:02,,HBL-AGG01-HW01,Aggregation,8,HUAWEI,INTERFACE_FLAP,MAJOR,ACTIVE,HBL,Hubli
ALM001471,2025-01-07 09:52:54,,MGR-MWRLY01-ER01,Access,9,ERICSSON,PACKET_LOSS,MAJOR,ACTIVE,MGR,Mangalore
ALM001472,2025-01-07 09:55:54,,MGR-MWRLY01-ER01,Access,9,ERICSSON,INTERFACE_FLAP,MAJOR,ACTIVE,MGR,Mangalore
ALM001473,2025-01-07 10:00:54,,MGR-MWRLY01-ER01,Access,9,ERICSSON,LINK_DOWN,CRITICAL,ACTIVE,MGR,Mangalore
ALM001228,2025-01-08 02:52:37,2025-01-08 07:21:37,MYS-MWRLY01-ER01,Access,9,ERICSSON,PACKET_LOSS,MAJOR,CLEARED,MYS,Mysore
ALM001123,2025-01-08 15:14:30,2025-01-08 19:31:30,HBL-MWRLY02-ER01,Access,9,ERICSSON,DU_UNREACHABLE,CRITICAL,CLEARED,HBL,Hubli
ALM001270,2025-01-09 03:03:20,2025-01-09 05:03:20,MGR-ACC02-ER01,Access,9,ERICSSON,PTP_SYNC_LOSS,CRITICAL,CLEARED,MGR,Mangalore
ALM001232,2025-01-09 06:38:55,,MYS-ACC01-HW01,Access,9,HUAWEI,HIGH_MEMORY,WARNING,ACTIVE,MYS,Mysore
ALM001157,2025-01-10 06:14:38,,HBL-CORE01-CS01,Core,6,CISCO,HIGH_CPU,WARNING,ACKNOWLEDGED,HBL,Hubli
ALM001243,2025-01-10 10:44:59,,MGR-AGG02-NK01,Aggregation,8,NOKIA,PTP_SYNC_LOSS,CRITICAL,ACTIVE,MGR,Mangalore
ALM001160,2025-01-11 06:51:55,,MGR-METRO01-NK01,Metro,7,NOKIA,PACKET_LOSS,MAJOR,ACTIVE,MGR,Mangalore
ALM001005,2025-01-11 08:35:00,2025-01-11 11:42:00,HBL-AGG03-NK01,Aggregation,8,NOKIA,PTP_SYNC_LOSS,CRITICAL,CLEARED,HBL,Hubli
ALM001111,2025-01-12 02:34:20,,HBL-METRO01-NK01,Metro,7,NOKIA,INTERFACE_FLAP,MAJOR,ACKNOWLEDGED,HBL,Hubli
ALM001043,2025-01-13 12:02:03,,HBL-METRO01-NK01,Metro,7,NOKIA,PACKET_LOSS,MAJOR,ACTIVE,HBL,Hubli
ALM001169,2025-01-14 04:35:16,2025-01-14 08:00:16,BLR-AGG03-HW01,Aggregation,8,HUAWEI,HIGH_CPU,WARNING,CLEARED,BLR,Bangalore
ALM001061,2025-01-14 06:15:41,,MYS-ACC04-HW01,Access,9,HUAWEI,HIGH_MEMORY,WARNING,ACTIVE,MYS,Mysore
ALM001034,2025-01-15 13:19:23,,HBL-ACC02-ER01,Access,9,ERICSSON,LINK_DOWN,CRITICAL,ACKNOWLEDGED,HBL,Hubli
ALM001364,2025-01-15 20:47:11,,HBL-AGG01-HW01,Aggregation,8,HUAWEI,LINK_DOWN,CRITICAL,ACTIVE,HBL,Hubli
ALM001365,2025-01-15 20:49:11,,HBL-ACC01-HW01,Access,9,HUAWEI,PTP_SYNC_LOSS,CRITICAL,ACTIVE,HBL,Hubli
ALM001366,2025-01-15 20:49:11,,MGR-MWRLY02-ER01,Access,9,ERICSSON,PTP_SYNC_LOSS,CRITICAL,ACTIVE,MGR,Mangalore
ALM001367,2025-01-15 20:52:11,,HBL-ACC01-HW01,Access,9,HUAWEI,CELL_UNAVAILABLE,CRITICAL,ACTIVE,HBL,Hubli
ALM001368,2025-01-15 20:52:11,,HBL-ACC01-HW01,Access,9,HUAWEI,DU_UNREACHABLE,CRITICAL,ACTIVE,HBL,Hubli
ALM001369,2025-01-15 20:52:11,,MGR-MWRLY02-ER01,Access,9,ERICSSON,CELL_UNAVAILABLE,CRITICAL,ACTIVE,MGR,Mangalore
ALM001370,2025-01-15 20:52:11,,MGR-MWRLY02-ER01,Access,9,ERICSSON,DU_UNREACHABLE,CRITICAL,ACTIVE,MGR,Mangalore
ALM001172,2025-01-16 04:02:19,,MYS-CORE01-CS01,Core,6,CISCO,MEMORY_HIGH,WARNING,ACKNOWLEDGED,MYS,Mysore
ALM001173,2025-01-16 04:18:41,,MYS-ACC01-HW01,Access,9,HUAWEI,PACKET_LOSS,MAJOR,ACTIVE,MYS,Mysore
ALM001447,2025-01-16 10:04:09,,HBL-MWRLY02-ER01,Access,9,ERICSSON,PACKET_LOSS,MAJOR,ACTIVE,HBL,Hubli
ALM001448,2025-01-16 10:07:09,,HBL-MWRLY02-ER01,Access,9,ERICSSON,INTERFACE_FLAP,MAJOR,ACTIVE,HBL,Hubli
ALM001449,2025-01-16 10:12:09,,HBL-MWRLY02-ER01,Access,9,ERICSSON,LINK_DOWN,CRITICAL,ACTIVE,HBL,Hubli
ALM001126,2025-01-17 00:53:13,2025-01-17 08:52:13,BLR-MWRLY02-ER01,Access,9,ERICSSON,LINK_DOWN,CRITICAL,CLEARED,BLR,Bangalore
ALM001083,2025-01-17 01:14:17,,MYS-ACC04-HW01,Access,9,HUAWEI,PTP_SYNC_LOSS,CRITICAL,ACTIVE,MYS,Mysore
ALM001280,2025-01-17 12:11:30,2025-01-17 14:57:30,BLR-ACC06-ER01,Access,9,ERICSSON,DU_UNREACHABLE,CRITICAL,CLEARED,BLR,Bangalore
ALM001182,2025-01-18 02:01:46,,MYS-METRO02-NK01,Metro,7,NOKIA,LINK_DOWN,CRITICAL,ACKNOWLEDGED,MYS,Mysore
ALM001250,2025-01-18 07:22:32,2025-01-18 09:15:32,HBL-ACC03-ER01,Access,9,ERICSSON,LINK_DOWN,CRITICAL,CLEARED,HBL,Hubli
ALM001284,2025-01-18 18:00:03,2025-01-19 01:05:03,HBL-CORE01-CS01,Core,6,CISCO,LINK_DOWN,CRITICAL,CLEARED,HBL,Hubli
ALM001462,2025-01-19 01:51:06,,HBL-MWRLY01-ER01,Access,9,ERICSSON,PACKET_LOSS,MAJOR,ACTIVE,HBL,Hubli
ALM001463,2025-01-19 01:54:06,,HBL-MWRLY01-ER01,Access,9,ERICSSON,INTERFACE_FLAP,MAJOR,ACTIVE,HBL,Hubli
ALM001464,2025-01-19 01:59:06,,HBL-MWRLY01-ER01,Access,9,ERICSSON,LINK_DOWN,CRITICAL,ACTIVE,HBL,Hubli
ALM001181,2025-01-19 02:10:01,,BLR-ACC04-ER01,Access,9,ERICSSON,LINK_DOWN,CRITICAL,ACTIVE,BLR,Bangalore
ALM001065,2025-01-19 05:37:14,,BLR-ACC02-HW01,Access,9,HUAWEI,INTERFACE_FLAP,MAJOR,ACTIVE,BLR,Bangalore
ALM001041,2025-01-19 10:41:46,,MGR-AGG01-HW01,Aggregation,8,HUAWEI,PTP_SYNC_LOSS,CRITICAL,ACTIVE,MGR,Mangalore
ALM001254,2025-01-19 10:50:59,2025-01-19 15:47:59,HBL-ACC02-ER01,Access,9,ERICSSON,LINK_DOWN,CRITICAL,CLEARED,HBL,Hubli
ALM001197,2025-01-19 19:12:48,2025-01-19 21:23:48,OLA_MYS_HBL_01,DWDM,7,NOKIA,OLA_GAIN_DEGRADE,MAJOR,CLEARED,BACKBONE,Transit
ALM001244,2025-01-20 07:42:03,,MYS-AGG02-HW01,Aggregation,8,HUAWEI,HIGH_CPU,WARNING,ACTIVE,MYS,Mysore
ALM001040,2025-01-20 17:15:29,2025-01-20 18:15:29,MYS-ACC01-HW01,Access,9,HUAWEI,PACKET_LOSS,MAJOR,CLEARED,MYS,Mysore
ALM001167,2025-01-21 02:42:30,,HBL-AGG02-HW01,Aggregation,8,HUAWEI,INTERFACE_FLAP,MAJOR,ACTIVE,HBL,Hubli
ALM001190,2025-01-21 07:13:53,2025-01-21 15:10:53,HBL-ACC02-ER01,Access,9,ERICSSON,CELL_UNAVAILABLE,CRITICAL,CLEARED,HBL,Hubli
ALM001009,2025-01-21 13:40:05,,MYS-ACC01-HW01,Access,9,HUAWEI,HIGH_MEMORY,WARNING,ACTIVE,MYS,Mysore
ALM001022,2025-01-21 14:26:58,,HBL-AGG01-HW01,Aggregation,8,HUAWEI,PTP_SYNC_LOSS,CRITICAL,ACTIVE,HBL,Hubli
ALM001175,2025-01-22 17:11:00,2025-01-22 23:04:00,MYS-METRO02-NK01,Metro,7,NOKIA,PACKET_LOSS,MAJOR,CLEARED,MYS,Mysore
ALM001004,2025-01-22 22:33:43,2025-01-23 02:35:43,MGR-MWRLY01-ER01,Access,9,ERICSSON,DU_UNREACHABLE,CRITICAL,CLEARED,MGR,Mangalore
ALM001103,2025-01-23 07:19:12,,BLR-CORE01-CS01,Core,6,CISCO,HIGH_CPU,WARNING,ACTIVE,BLR,Bangalore
ALM001117,2025-01-26 00:23:24,,MYS-AGG02-HW01,Aggregation,8,HUAWEI,SPANNING_TREE_CHANGE,WARNING,ACTIVE,MYS,Mysore
ALM001116,2025-01-27 06:49:22,,BLR-ACC01-HW01,Access,9,HUAWEI,CELL_UNAVAILABLE,CRITICAL,ACTIVE,BLR,Bangalore
ALM001209,2025-01-27 22:43:01,2025-01-27 23:46:01,MGR-AGG02-NK01,Aggregation,8,NOKIA,PACKET_LOSS,MAJOR,CLEARED,MGR,Mangalore
ALM001259,2025-01-28 10:03:00,2025-01-28 10:43:00,MGR-ACC01-NK01,Access,9,NOKIA,PTP_SYNC_LOSS,CRITICAL,CLEARED,MGR,Mangalore
ALM001272,2025-01-31 03:07:29,,HBL-ACC02-ER01,Access,9,ERICSSON,HIGH_MEMORY,WARNING,ACTIVE,HBL,Hubli
ALM001252,2025-02-01 00:37:03,,HBL-AGG02-HW01,Aggregation,8,HUAWEI,PTP_SYNC_LOSS,CRITICAL,ACTIVE,HBL,Hubli
ALM001188,2025-02-01 01:10:30,2025-02-01 07:57:30,BLR-ACC03-NK01,Access,9,NOKIA,PTP_SYNC_LOSS,CRITICAL,CLEARED,BLR,Bangalore
ALM001118,2025-02-01 19:42:18,,MYS-AGG01-HW01,Aggregation,8,HUAWEI,INTERFACE_FLAP,MAJOR,ACKNOWLEDGED,MYS,Mysore
ALM001086,2025-02-01 23:01:18,2025-02-02 06:44:18,BLR-MWRLY02-ER01,Access,9,ERICSSON,HIGH_MEMORY,WARNING,CLEARED,BLR,Bangalore
ALM001048,2025-02-02 04:09:34,,MGR-ACC02-ER01,Access,9,ERICSSON,HIGH_CPU,WARNING,ACTIVE,MGR,Mangalore
ALM001204,2025-02-02 19:34:17,2025-02-02 20:47:17,BLR-MWRLY02-ER01,Access,9,ERICSSON,HIGH_MEMORY,WARNING,CLEARED,BLR,Bangalore
ALM001119,2025-02-03 04:42:56,,MYS-AGG03-HW01,Aggregation,8,HUAWEI,PTP_SYNC_LOSS,CRITICAL,ACKNOWLEDGED,MYS,Mysore
ALM001194,2025-02-04 02:55:57,2025-02-04 04:24:57,MYS-MWRLY01-ER01,Access,9,ERICSSON,HIGH_CPU,WARNING,CLEARED,MYS,Mysore
ALM001068,2025-02-04 15:47:57,,OLA_MYS_HBL_01,DWDM,7,NOKIA,OPTICAL_POWER_LOW,MAJOR,ACTIVE,BACKBONE,Transit
ALM001218,2025-02-04 23:14:09,2025-02-05 03:22:09,MGR-METRO01-NK01,Metro,7,NOKIA,INTERFACE_FLAP,MAJOR,CLEARED,MGR,Mangalore
ALM001064,2025-02-08 00:59:41,,HBL-ACC02-ER01,Access,9,ERICSSON,HIGH_MEMORY,WARNING,ACTIVE,HBL,Hubli
ALM001059,2025-02-08 22:43:01,2025-02-09 01:12:01,BLR-AGG03-HW01,Aggregation,8,HUAWEI,INTERFACE_FLAP,MAJOR,CLEARED,BLR,Bangalore
ALM001078,2025-02-09 02:01:01,,MYS-AGG01-HW01,Aggregation,8,HUAWEI,INTERFACE_FLAP,MAJOR,ACTIVE,MYS,Mysore
ALM001198,2025-02-09 20:49:30,,MGR-AGG03-NK01,Aggregation,8,NOKIA,HIGH_CPU,WARNING,ACTIVE,MGR,Mangalore
ALM001075,2025-02-10 11:24:09,2025-02-10 15:57:09,MGR-AGG03-NK01,Aggregation,8,NOKIA,LINK_DOWN,CRITICAL,CLEARED,MGR,Mangalore
ALM001138,2025-02-10 16:55:14,,MGR-ACC04-HW01,Access,9,HUAWEI,LINK_DOWN,CRITICAL,ACTIVE,MGR,Mangalore
ALM001049,2025-02-12 11:55:50,2025-02-12 17:11:50,BLR-MWRLY01-ER01,Access,9,ERICSSON,HIGH_MEMORY,WARNING,CLEARED,BLR,Bangalore
ALM001054,2025-02-12 14:23:16,,BLR-METRO02-NK01,Metro,7,NOKIA,HIGH_CPU,WARNING,ACTIVE,BLR,Bangalore
ALM001069,2025-02-12 20:33:43,2025-02-13 04:24:43,HBL-MWRLY02-ER01,Access,9,ERICSSON,CELL_UNAVAILABLE,CRITICAL,CLEARED,HBL,Hubli
ALM001223,2025-02-13 04:41:14,,MYS-ACC05-HW01,Access,9,HUAWEI,HIGH_MEMORY,WARNING,ACTIVE,MYS,Mysore
ALM001199,2025-02-13 10:23:43,,MGR-MWRLY01-ER01,Access,9,ERICSSON,INTERFACE_FLAP,MAJOR,ACTIVE,MGR,Mangalore
ALM001171,2025-02-13 22:37:50,,MYS-ACC02-HW01,Access,9,HUAWEI,PACKET_LOSS,MAJOR,ACKNOWLEDGED,MYS,Mysore
ALM001180,2025-02-14 01:12:17,,MYS-ACC06-ER01,Access,9,ERICSSON,LINK_DOWN,CRITICAL,ACKNOWLEDGED,MYS,Mysore
ALM001202,2025-02-14 06:59:39,,MYS-AGG02-HW01,Aggregation,8,HUAWEI,PTP_SYNC_LOSS,CRITICAL,ACTIVE,MYS,Mysore
ALM001014,2025-02-15 13:09:59,,HBL-AGG01-HW01,Aggregation,8,HUAWEI,HIGH_CPU,WARNING,ACTIVE,HBL,Hubli
ALM001051,2025-02-15 23:07:09,2025-02-16 03:35:09,BLR-AGG01-NK01,Aggregation,8,NOKIA,PACKET_LOSS,MAJOR,CLEARED,BLR,Bangalore
ALM001255,2025-02-16 07:45:27,,MGR-MWRLY01-ER01,Access,9,ERICSSON,PTP_SYNC_LOSS,CRITICAL,ACKNOWLEDGED,MGR,Mangalore
ALM001146,2025-02-17 01:46:03,,MGR-AGG01-HW01,Aggregation,8,HUAWEI,LINK_DOWN,CRITICAL,ACTIVE,MGR,Mangalore
ALM001129,2025-02-17 04:55:58,2025-02-17 08:51:58,HBL-ACC05-ER01,Access,9,ERICSSON,HIGH_MEMORY,WARNING,CLEARED,HBL,Hubli
ALM001039,2025-02-17 15:36:57,2025-02-17 23:26:57,MGR-ACC03-NK01,Access,9,NOKIA,HIGH_MEMORY,WARNING,CLEARED,MGR,Mangalore
ALM001016,2025-02-17 21:04:32,,HBL-MWRLY01-ER01,Access,9,ERICSSON,DU_UNREACHABLE,CRITICAL,ACTIVE,HBL,Hubli
ALM001099,2025-02-18 10:32:08,2025-02-18 12:31:08,HBL-AGG01-HW01,Aggregation,8,HUAWEI,HIGH_CPU,WARNING,CLEARED,HBL,Hubli
ALM001281,2025-02-18 18:30:16,,BLR-ACC05-ER01,Access,9,ERICSSON,HIGH_MEMORY,WARNING,ACTIVE,BLR,Bangalore
ALM001035,2025-02-19 03:55:50,,HBL-ACC05-ER01,Access,9,ERICSSON,CELL_UNAVAILABLE,CRITICAL,ACTIVE,HBL,Hubli
ALM001026,2025-02-19 12:21:56,,MGR-ACC01-NK01,Access,9,NOKIA,INTERFACE_FLAP,MAJOR,ACTIVE,MGR,Mangalore
ALM001154,2025-02-20 04:56:50,,HBL-AGG03-NK01,Aggregation,8,NOKIA,LINK_DOWN,CRITICAL,ACTIVE,HBL,Hubli
ALM001184,2025-02-20 16:29:20,,MGR-METRO02-NK01,Metro,7,NOKIA,INTERFACE_FLAP,MAJOR,ACKNOWLEDGED,MGR,Mangalore
ALM001168,2025-02-21 03:22:24,,BLR-METRO02-NK01,Metro,7,NOKIA,PTP_SYNC_LOSS,CRITICAL,ACKNOWLEDGED,BLR,Bangalore
ALM001189,2025-02-21 04:10:40,2025-02-21 04:51:40,BLR-MWRLY01-ER01,Access,9,ERICSSON,PACKET_LOSS,MAJOR,CLEARED,BLR,Bangalore
ALM001407,2025-02-21 16:29:09,,BLR-AGG02-HW01,Aggregation,8,HUAWEI,LINK_DOWN,CRITICAL,ACTIVE,BLR,Bangalore
ALM001408,2025-02-21 16:31:09,,HBL-MWRLY01-ER01,Access,9,ERICSSON,PTP_SYNC_LOSS,CRITICAL,ACTIVE,HBL,Hubli
ALM001409,2025-02-21 16:31:09,,BLR-ACC05-ER01,Access,9,ERICSSON,PTP_SYNC_LOSS,CRITICAL,ACTIVE,BLR,Bangalore
ALM001410,2025-02-21 16:34:09,,HBL-MWRLY01-ER01,Access,9,ERICSSON,CELL_UNAVAILABLE,CRITICAL,ACTIVE,HBL,Hubli
ALM001411,2025-02-21 16:34:09,,HBL-MWRLY01-ER01,Access,9,ERICSSON,DU_UNREACHABLE,CRITICAL,ACTIVE,HBL,Hubli
ALM001412,2025-02-21 16:34:09,,BLR-ACC05-ER01,Access,9,ERICSSON,CELL_UNAVAILABLE,CRITICAL,ACTIVE,BLR,Bangalore
ALM001413,2025-02-21 16:34:09,,BLR-ACC05-ER01,Access,9,ERICSSON,DU_UNREACHABLE,CRITICAL,ACTIVE,BLR,Bangalore
ALM001000,2025-02-21 19:11:14,,BLR-ACC02-HW01,Access,9,HUAWEI,HIGH_MEMORY,WARNING,ACTIVE,BLR,Bangalore
ALM001127,2025-02-21 20:33:48,2025-02-22 02:00:48,BLR-CORE01-CS01,Core,6,CISCO,INTERFACE_FLAP,MAJOR,CLEARED,BLR,Bangalore
ALM001033,2025-02-21 23:01:06,2025-02-21 23:41:06,BLR-MWRLY01-ER01,Access,9,ERICSSON,CELL_UNAVAILABLE,CRITICAL,CLEARED,BLR,Bangalore
ALM001108,2025-02-23 20:33:38,2025-02-24 00:38:38,OLA_HBL_MGR_01,DWDM,7,NOKIA,OPTICAL_POWER_LOW,MAJOR,CLEARED,BACKBONE,Transit
ALM001067,2025-02-23 22:54:06,2025-02-24 00:39:06,MGR-ACC05-ER01,Access,9,ERICSSON,INTERFACE_FLAP,MAJOR,CLEARED,MGR,Mangalore
ALM001177,2025-02-24 13:52:32,2025-02-24 17:27:32,HBL-MWRLY02-ER01,Access,9,ERICSSON,PTP_SYNC_LOSS,CRITICAL,CLEARED,HBL,Hubli
ALM001233,2025-02-25 05:45:49,2025-02-25 06:47:49,MYS-ACC04-HW01,Access,9,HUAWEI,PACKET_LOSS,MAJOR,CLEARED,MYS,Mysore
ALM001179,2025-02-25 10:29:50,2025-02-25 11:22:50,HBL-CORE01-CS01,Core,6,CISCO,MEMORY_HIGH,WARNING,CLEARED,HBL,Hubli
ALM001107,2025-02-25 11:08:02,2025-02-25 17:06:02,MYS-ACC01-HW01,Access,9,HUAWEI,DU_UNREACHABLE,CRITICAL,CLEARED,MYS,Mysore
ALM001186,2025-02-25 21:12:02,2025-02-25 23:55:02,HBL-CORE01-CS01,Core,6,CISCO,MEMORY_HIGH,WARNING,CLEARED,HBL,Hubli
ALM001007,2025-02-25 22:10:47,2025-02-26 03:16:47,MGR-AGG02-NK01,Aggregation,8,NOKIA,HIGH_CPU,WARNING,CLEARED,MGR,Mangalore
ALM001021,2025-02-25 22:43:45,,MGR-ACC03-NK01,Access,9,NOKIA,DU_UNREACHABLE,CRITICAL,ACTIVE,MGR,Mangalore
ALM001128,2025-02-25 23:02:38,,MGR-ACC04-HW01,Access,9,HUAWEI,LINK_DOWN,CRITICAL,ACTIVE,MGR,Mangalore
ALM001147,2025-02-25 23:16:28,,MYS-ACC01-HW01,Access,9,HUAWEI,HIGH_MEMORY,WARNING,ACTIVE,MYS,Mysore
ALM001246,2025-02-27 04:47:08,2025-02-27 07:53:08,MYS-METRO01-CS01,Metro,7,CISCO,INTERFACE_FLAP,MAJOR,CLEARED,MYS,Mysore
ALM001020,2025-02-27 20:46:19,,HBL-AGG02-HW01,Aggregation,8,HUAWEI,SPANNING_TREE_CHANGE,WARNING,ACTIVE,HBL,Hubli
ALM001045,2025-02-28 06:07:31,,BLR-MWRLY02-ER01,Access,9,ERICSSON,HIGH_MEMORY,WARNING,ACTIVE,BLR,Bangalore
ALM001269,2025-03-01 01:01:35,2025-03-01 05:41:35,HBL-ACC03-ER01,Access,9,ERICSSON,INTERFACE_FLAP,MAJOR,CLEARED,HBL,Hubli
ALM001137,2025-03-01 05:57:43,,MGR-ACC03-NK01,Access,9,NOKIA,CELL_UNAVAILABLE,CRITICAL,ACKNOWLEDGED,MGR,Mangalore
ALM001052,2025-03-01 12:58:43,2025-03-01 19:40:43,MGR-ACC05-ER01,Access,9,ERICSSON,LINK_DOWN,CRITICAL,CLEARED,MGR,Mangalore
ALM001070,2025-03-02 07:33:14,2025-03-02 11:10:14,MGR-MWRLY02-ER01,Access,9,ERICSSON,HIGH_CPU,WARNING,CLEARED,MGR,Mangalore
ALM001450,2025-03-03 00:02:17,,MYS-MWRLY02-ER01,Access,9,ERICSSON,PACKET_LOSS,MAJOR,ACTIVE,MYS,Mysore
ALM001451,2025-03-03 00:05:17,,MYS-MWRLY02-ER01,Access,9,ERICSSON,INTERFACE_FLAP,MAJOR,ACTIVE,MYS,Mysore
ALM001452,2025-03-03 00:10:17,,MYS-MWRLY02-ER01,Access,9,ERICSSON,LINK_DOWN,CRITICAL,ACTIVE,MYS,Mysore
ALM001071,2025-03-03 08:20:49,2025-03-03 12:35:49,BLR-ACC02-HW01,Access,9,HUAWEI,HIGH_CPU,WARNING,CLEARED,BLR,Bangalore
ALM001124,2025-03-03 16:02:08,2025-03-03 22:49:08,OLA_BLR_MYS_01,DWDM,7,NOKIA,LINK_DOWN,CRITICAL,CLEARED,BACKBONE,Transit
ALM001271,2025-03-03 21:16:44,,HBL-ACC02-ER01,Access,9,ERICSSON,CELL_UNAVAILABLE,CRITICAL,ACKNOWLEDGED,HBL,Hubli
ALM001210,2025-03-04 22:18:57,2025-03-05 05:08:57,MYS-MWRLY01-ER01,Access,9,ERICSSON,PACKET_LOSS,MAJOR,CLEARED,MYS,Mysore
ALM001145,2025-03-05 12:10:15,2025-03-05 14:09:15,BLR-AGG03-HW01,Aggregation,8,HUAWEI,SPANNING_TREE_CHANGE,WARNING,CLEARED,BLR,Bangalore
ALM001434,2025-03-05 14:26:24,,BLR-AGG02-HW01,Aggregation,8,HUAWEI,LINK_DOWN,CRITICAL,ACTIVE,BLR,Bangalore
ALM001435,2025-03-05 14:28:24,,BLR-ACC05-ER01,Access,9,ERICSSON,PTP_SYNC_LOSS,CRITICAL,ACTIVE,BLR,Bangalore
ALM001436,2025-03-05 14:28:24,,MYS-ACC03-ER01,Access,9,ERICSSON,PTP_SYNC_LOSS,CRITICAL,ACTIVE,MYS,Mysore
ALM001437,2025-03-05 14:28:24,,MYS-ACC04-HW01,Access,9,HUAWEI,PTP_SYNC_LOSS,CRITICAL,ACTIVE,MYS,Mysore
ALM001438,2025-03-05 14:31:24,,BLR-ACC05-ER01,Access,9,ERICSSON,CELL_UNAVAILABLE,CRITICAL,ACTIVE,BLR,Bangalore
ALM001439,2025-03-05 14:31:24,,BLR-ACC05-ER01,Access,9,ERICSSON,DU_UNREACHABLE,CRITICAL,ACTIVE,BLR,Bangalore
ALM001440,2025-03-05 14:31:24,,MYS-ACC03-ER01,Access,9,ERICSSON,CELL_UNAVAILABLE,CRITICAL,ACTIVE,MYS,Mysore
ALM001441,2025-03-05 14:31:24,,MYS-ACC03-ER01,Access,9,ERICSSON,DU_UNREACHABLE,CRITICAL,ACTIVE,MYS,Mysore
ALM001442,2025-03-05 14:31:24,,MYS-ACC04-HW01,Access,9,HUAWEI,CELL_UNAVAILABLE,CRITICAL,ACTIVE,MYS,Mysore
ALM001443,2025-03-05 14:31:24,,MYS-ACC04-HW01,Access,9,HUAWEI,DU_UNREACHABLE,CRITICAL,ACTIVE,MYS,Mysore
ALM001216,2025-03-05 16:18:30,,BLR-METRO01-NK01,Metro,7,NOKIA,INTERFACE_FLAP,MAJOR,ACTIVE,BLR,Bangalore
ALM001258,2025-03-05 23:53:37,,BLR-AGG03-HW01,Aggregation,8,HUAWEI,PTP_SYNC_LOSS,CRITICAL,ACTIVE,BLR,Bangalore
ALM001156,2025-03-06 00:22:45,,HBL-METRO01-NK01,Metro,7,NOKIA,HIGH_CPU,WARNING,ACKNOWLEDGED,HBL,Hubli
ALM001038,2025-03-06 06:17:29,2025-03-06 13:54:29,MGR-METRO02-NK01,Metro,7,NOKIA,BGP_SESSION_DOWN,CRITICAL,CLEARED,MGR,Mangalore
ALM001095,2025-03-06 23:10:48,,MYS-ACC04-HW01,Access,9,HUAWEI,CELL_UNAVAILABLE,CRITICAL,ACTIVE,MYS,Mysore
ALM001001,2025-03-06 23:24:33,2025-03-07 04:01:33,BLR-MWRLY01-ER01,Access,9,ERICSSON,HIGH_CPU,WARNING,CLEARED,BLR,Bangalore
ALM001212,2025-03-07 23:03:11,,MGR-ACC01-NK01,Access,9,NOKIA,INTERFACE_FLAP,MAJOR,ACTIVE,MGR,Mangalore
ALM001266,2025-03-08 05:18:06,,MGR-AGG02-NK01,Aggregation,8,NOKIA,HIGH_CPU,WARNING,ACTIVE,MGR,Mangalore
ALM001122,2025-03-09 09:27:47,,MYS-ACC04-HW01,Access,9,HUAWEI,PACKET_LOSS,MAJOR,ACTIVE,MYS,Mysore
ALM001166,2025-03-09 12:10:38,2025-03-09 17:52:38,HBL-AGG03-NK01,Aggregation,8,NOKIA,SPANNING_TREE_CHANGE,WARNING,CLEARED,HBL,Hubli
ALM001036,2025-03-09 14:21:08,,MYS-MWRLY01-ER01,Access,9,ERICSSON,PACKET_LOSS,MAJOR,ACKNOWLEDGED,MYS,Mysore
ALM001293,2025-03-10 05:47:04,,MGR-CORE01-CS01,Core,6,CISCO,INTERFACE_FLAP,MAJOR,ACKNOWLEDGED,MGR,Mangalore
ALM001149,2025-03-12 23:10:39,,BLR-ACC04-ER01,Access,9,ERICSSON,DU_UNREACHABLE,CRITICAL,ACKNOWLEDGED,BLR,Bangalore
ALM001200,2025-03-13 07:39:32,2025-03-13 13:55:32,MGR-ACC01-NK01,Access,9,NOKIA,CELL_UNAVAILABLE,CRITICAL,CLEARED,MGR,Mangalore
ALM001196,2025-03-14 12:11:42,,HBL-AGG01-HW01,Aggregation,8,HUAWEI,LINK_DOWN,CRITICAL,ACTIVE,HBL,Hubli
ALM001132,2025-03-14 18:22:44,,MYS-ACC02-HW01,Access,9,HUAWEI,PACKET_LOSS,MAJOR,ACKNOWLEDGED,MYS,Mysore
ALM001298,2025-03-15 05:48:23,,MGR-AGG03-NK01,Aggregation,8,NOKIA,PACKET_LOSS,MAJOR,ACTIVE,MGR,Mangalore
ALM001088,2025-03-15 12:49:13,,MGR-MWRLY02-ER01,Access,9,ERICSSON,HIGH_CPU,WARNING,ACTIVE,MGR,Mangalore
ALM001044,2025-03-16 05:53:28,,BLR-AGG03-HW01,Aggregation,8,HUAWEI,INTERFACE_FLAP,MAJOR,ACTIVE,BLR,Bangalore
ALM001276,2025-03-17 12:58:56,,MGR-AGG03-NK01,Aggregation,8,NOKIA,SPANNING_TREE_CHANGE,WARNING,ACKNOWLEDGED,MGR,Mangalore
ALM001253,2025-03-18 09:46:05,,MYS-AGG02-HW01,Aggregation,8,HUAWEI,HIGH_CPU,WARNING,ACKNOWLEDGED,MYS,Mysore
ALM001295,2025-03-19 07:36:44,,MYS-CORE01-CS01,Core,6,CISCO,HIGH_CPU,WARNING,ACTIVE,MYS,Mysore
ALM001459,2025-03-19 22:41:42,,MYS-MWRLY02-ER01,Access,9,ERICSSON,PACKET_LOSS,MAJOR,ACTIVE,MYS,Mysore
ALM001460,2025-03-19 22:44:42,,MYS-MWRLY02-ER01,Access,9,ERICSSON,INTERFACE_FLAP,MAJOR,ACTIVE,MYS,Mysore
ALM001461,2025-03-19 22:49:42,,MYS-MWRLY02-ER01,Access,9,ERICSSON,LINK_DOWN,CRITICAL,ACTIVE,MYS,Mysore
ALM001084,2025-03-20 19:39:15,,MYS-METRO01-CS01,Metro,7,CISCO,BGP_SESSION_DOWN,CRITICAL,ACTIVE,MYS,Mysore
ALM001174,2025-03-22 07:03:15,,MYS-AGG02-HW01,Aggregation,8,HUAWEI,HIGH_CPU,WARNING,ACTIVE,MYS,Mysore
ALM001226,2025-03-22 17:20:12,,HBL-METRO01-NK01,Metro,7,NOKIA,LINK_DOWN,CRITICAL,ACTIVE,HBL,Hubli
ALM001357,2025-03-23 23:13:16,,HBL-AGG01-HW01,Aggregation,8,HUAWEI,LINK_DOWN,CRITICAL,ACTIVE,HBL,Hubli
ALM001358,2025-03-23 23:15:16,,HBL-MWRLY02-ER01,Access,9,ERICSSON,PTP_SYNC_LOSS,CRITICAL,ACTIVE,HBL,Hubli
ALM001359,2025-03-23 23:15:16,,HBL-ACC02-ER01,Access,9,ERICSSON,PTP_SYNC_LOSS,CRITICAL,ACTIVE,HBL,Hubli
ALM001360,2025-03-23 23:18:16,,HBL-MWRLY02-ER01,Access,9,ERICSSON,CELL_UNAVAILABLE,CRITICAL,ACTIVE,HBL,Hubli
ALM001361,2025-03-23 23:18:16,,HBL-MWRLY02-ER01,Access,9,ERICSSON,DU_UNREACHABLE,CRITICAL,ACTIVE,HBL,Hubli
ALM001362,2025-03-23 23:18:16,,HBL-ACC02-ER01,Access,9,ERICSSON,CELL_UNAVAILABLE,CRITICAL,ACTIVE,HBL,Hubli
ALM001363,2025-03-23 23:18:16,,HBL-ACC02-ER01,Access,9,ERICSSON,DU_UNREACHABLE,CRITICAL,ACTIVE,HBL,Hubli
ALM001277,2025-03-24 09:24:17,,HBL-ACC05-ER01,Access,9,ERICSSON,PTP_SYNC_LOSS,CRITICAL,ACKNOWLEDGED,HBL,Hubli
ALM001058,2025-03-25 01:24:52,,MGR-AGG01-HW01,Aggregation,8,HUAWEI,SPANNING_TREE_CHANGE,WARNING,ACTIVE,MGR,Mangalore
ALM001247,2025-03-25 16:16:56,2025-03-25 16:54:56,MGR-ACC02-ER01,Access,9,ERICSSON,HIGH_CPU,WARNING,CLEARED,MGR,Mangalore
ALM001285,2025-03-25 21:24:07,2025-03-25 22:40:07,HBL-AGG02-HW01,Aggregation,8,HUAWEI,INTERFACE_FLAP,MAJOR,CLEARED,HBL,Hubli
ALM001082,2025-03-25 22:22:51,,HBL-ACC06-HW01,Access,9,HUAWEI,CELL_UNAVAILABLE,CRITICAL,ACTIVE,HBL,Hubli
ALM001231,2025-03-26 01:12:42,,HBL-ACC05-ER01,Access,9,ERICSSON,HIGH_MEMORY,WARNING,ACTIVE,HBL,Hubli
ALM001424,2025-03-26 10:01:47,,HBL-AGG02-HW01,Aggregation,8,HUAWEI,LINK_DOWN,CRITICAL,ACTIVE,HBL,Hubli
ALM001425,2025-03-26 10:03:47,,MGR-ACC04-HW01,Access,9,HUAWEI,PTP_SYNC_LOSS,CRITICAL,ACTIVE,MGR,Mangalore
ALM001426,2025-03-26 10:03:47,,HBL-ACC03-ER01,Access,9,ERICSSON,PTP_SYNC_LOSS,CRITICAL,ACTIVE,HBL,Hubli
ALM001427,2025-03-26 10:03:47,,MYS-MWRLY01-ER01,Access,9,ERICSSON,PTP_SYNC_LOSS,CRITICAL,ACTIVE,MYS,Mysore
ALM001428,2025-03-26 10:06:47,,MGR-ACC04-HW01,Access,9,HUAWEI,CELL_UNAVAILABLE,CRITICAL,ACTIVE,MGR,Mangalore
ALM001429,2025-03-26 10:06:47,,MGR-ACC04-HW01,Access,9,HUAWEI,DU_UNREACHABLE,CRITICAL,ACTIVE,MGR,Mangalore
ALM001430,2025-03-26 10:06:47,,HBL-ACC03-ER01,Access,9,ERICSSON,CELL_UNAVAILABLE,CRITICAL,ACTIVE,HBL,Hubli
ALM001431,2025-03-26 10:06:47,,HBL-ACC03-ER01,Access,9,ERICSSON,DU_UNREACHABLE,CRITICAL,ACTIVE,HBL,Hubli
ALM001432,2025-03-26 10:06:47,,MYS-MWRLY01-ER01,Access,9,ERICSSON,CELL_UNAVAILABLE,CRITICAL,ACTIVE,MYS,Mysore
ALM001433,2025-03-26 10:06:47,,MYS-MWRLY01-ER01,Access,9,ERICSSON,DU_UNREACHABLE,CRITICAL,ACTIVE,MYS,Mysore
ALM001133,2025-03-26 18:52:23,2025-03-26 20:36:23,MGR-ACC03-NK01,Access,9,NOKIA,LINK_DOWN,CRITICAL,CLEARED,MGR,Mangalore
ALM001017,2025-03-28 06:24:25,,HBL-ACC02-ER01,Access,9,ERICSSON,LINK_DOWN,CRITICAL,ACTIVE,HBL,Hubli
ALM001159,2025-03-28 07:18:01,2025-03-28 08:13:01,MGR-AGG03-NK01,Aggregation,8,NOKIA,PACKET_LOSS,MAJOR,CLEARED,MGR,Mangalore
ALM001275,2025-03-28 08:07:04,,MYS-CORE01-CS01,Core,6,CISCO,BGP_SESSION_DOWN,CRITICAL,ACTIVE,MYS,Mysore
ALM001050,2025-03-29 01:57:21,2025-03-29 05:42:21,HBL-ACC03-ER01,Access,9,ERICSSON,PACKET_LOSS,MAJOR,CLEARED,HBL,Hubli
ALM001274,2025-03-30 04:18:11,2025-03-30 10:51:11,MYS-ACC06-ER01,Access,9,ERICSSON,PTP_SYNC_LOSS,CRITICAL,CLEARED,MYS,Mysore
ALM001371,2025-03-30 07:41:27,,MYS-AGG03-HW01,Aggregation,8,HUAWEI,LINK_DOWN,CRITICAL,ACTIVE,MYS,Mysore
ALM001372,2025-03-30 07:43:27,,MYS-MWRLY01-ER01,Access,9,ERICSSON,PTP_SYNC_LOSS,CRITICAL,ACTIVE,MYS,Mysore
ALM001373,2025-03-30 07:43:27,,HBL-ACC04-NK01,Access,9,NOKIA,PTP_SYNC_LOSS,CRITICAL,ACTIVE,HBL,Hubli
ALM001374,2025-03-30 07:43:27,,MYS-ACC04-HW01,Access,9,HUAWEI,PTP_SYNC_LOSS,CRITICAL,ACTIVE,MYS,Mysore
ALM001375,2025-03-30 07:43:27,,MYS-ACC03-ER01,Access,9,ERICSSON,PTP_SYNC_LOSS,CRITICAL,ACTIVE,MYS,Mysore
ALM001376,2025-03-30 07:46:27,,MYS-MWRLY01-ER01,Access,9,ERICSSON,CELL_UNAVAILABLE,CRITICAL,ACTIVE,MYS,Mysore
ALM001377,2025-03-30 07:46:27,,MYS-MWRLY01-ER01,Access,9,ERICSSON,DU_UNREACHABLE,CRITICAL,ACTIVE,MYS,Mysore
ALM001378,2025-03-30 07:46:27,,HBL-ACC04-NK01,Access,9,NOKIA,CELL_UNAVAILABLE,CRITICAL,ACTIVE,HBL,Hubli
ALM001379,2025-03-30 07:46:27,,HBL-ACC04-NK01,Access,9,NOKIA,DU_UNREACHABLE,CRITICAL,ACTIVE,HBL,Hubli
ALM001380,2025-03-30 07:46:27,,MYS-ACC04-HW01,Access,9,HUAWEI,CELL_UNAVAILABLE,CRITICAL,ACTIVE,MYS,Mysore
ALM001381,2025-03-30 07:46:27,,MYS-ACC04-HW01,Access,9,HUAWEI,DU_UNREACHABLE,CRITICAL,ACTIVE,MYS,Mysore
ALM001382,2025-03-30 07:46:27,,MYS-ACC03-ER01,Access,9,ERICSSON,CELL_UNAVAILABLE,CRITICAL,ACTIVE,MYS,Mysore
ALM001383,2025-03-30 07:46:27,,MYS-ACC03-ER01,Access,9,ERICSSON,DU_UNREACHABLE,CRITICAL,ACTIVE,MYS,Mysore
ALM001109,2025-03-30 17:11:46,2025-03-31 00:01:46,MGR-METRO01-NK01,Metro,7,NOKIA,PACKET_LOSS,MAJOR,CLEARED,MGR,Mangalore
ALM001330,2025-03-31 12:53:00,,BLR-AGG02-HW01,Aggregation,8,HUAWEI,LINK_DOWN,CRITICAL,ACTIVE,BLR,Bangalore
ALM001331,2025-03-31 12:55:00,,HBL-ACC03-ER01,Access,9,ERICSSON,PTP_SYNC_LOSS,CRITICAL,ACTIVE,HBL,Hubli
ALM001332,2025-03-31 12:55:00,,HBL-ACC04-NK01,Access,9,NOKIA,PTP_SYNC_LOSS,CRITICAL,ACTIVE,HBL,Hubli
ALM001333,2025-03-31 12:55:00,,BLR-MWRLY02-ER01,Access,9,ERICSSON,PTP_SYNC_LOSS,CRITICAL,ACTIVE,BLR,Bangalore
ALM001334,2025-03-31 12:58:00,,HBL-ACC03-ER01,Access,9,ERICSSON,CELL_UNAVAILABLE,CRITICAL,ACTIVE,HBL,Hubli
ALM001335,2025-03-31 12:58:00,,HBL-ACC03-ER01,Access,9,ERICSSON,DU_UNREACHABLE,CRITICAL,ACTIVE,HBL,Hubli
ALM001336,2025-03-31 12:58:00,,HBL-ACC04-NK01,Access,9,NOKIA,CELL_UNAVAILABLE,CRITICAL,ACTIVE,HBL,Hubli
ALM001337,2025-03-31 12:58:00,,HBL-ACC04-NK01,Access,9,NOKIA,DU_UNREACHABLE,CRITICAL,ACTIVE,HBL,Hubli
ALM001338,2025-03-31 12:58:00,,BLR-MWRLY02-ER01,Access,9,ERICSSON,CELL_UNAVAILABLE,CRITICAL,ACTIVE,BLR,Bangalore
ALM001339,2025-03-31 12:58:00,,BLR-MWRLY02-ER01,Access,9,ERICSSON,DU_UNREACHABLE,CRITICAL,ACTIVE,BLR,Bangalore
ALM001261,2025-03-31 14:56:37,2025-03-31 17:09:37,HBL-MWRLY01-ER01,Access,9,ERICSSON,PTP_SYNC_LOSS,CRITICAL,CLEARED,HBL,Hubli
ALM001279,2025-04-01 04:11:53,,MGR-MWRLY01-ER01,Access,9,ERICSSON,HIGH_CPU,WARNING,ACKNOWLEDGED,MGR,Mangalore
ALM001057,2025-04-01 05:38:43,,BLR-METRO01-NK01,Metro,7,NOKIA,LINK_DOWN,CRITICAL,ACTIVE,BLR,Bangalore
ALM001027,2025-04-01 22:18:54,,BLR-CORE01-CS01,Core,6,CISCO,MEMORY_HIGH,WARNING,ACTIVE,BLR,Bangalore
ALM001012,2025-04-01 22:30:59,,BLR-MWRLY01-ER01,Access,9,ERICSSON,PACKET_LOSS,MAJOR,ACTIVE,BLR,Bangalore
ALM001139,2025-04-02 12:10:56,,HBL-AGG03-NK01,Aggregation,8,NOKIA,PTP_SYNC_LOSS,CRITICAL,ACTIVE,HBL,Hubli
ALM001291,2025-04-02 20:38:44,,MGR-ACC01-NK01,Access,9,NOKIA,PACKET_LOSS,MAJOR,ACKNOWLEDGED,MGR,Mangalore
ALM001112,2025-04-03 05:35:21,2025-04-03 12:12:21,MYS-ACC06-ER01,Access,9,ERICSSON,CELL_UNAVAILABLE,CRITICAL,CLEARED,MYS,Mysore
ALM001046,2025-04-04 02:35:58,,MYS-AGG03-HW01,Aggregation,8,HUAWEI,SPANNING_TREE_CHANGE,WARNING,ACTIVE,MYS,Mysore
ALM001165,2025-04-04 18:21:43,,MGR-AGG03-NK01,Aggregation,8,NOKIA,PACKET_LOSS,MAJOR,ACTIVE,MGR,Mangalore
ALM001161,2025-04-05 10:11:45,2025-04-05 13:04:45,MYS-MWRLY02-ER01,Access,9,ERICSSON,CELL_UNAVAILABLE,CRITICAL,CLEARED,MYS,Mysore
ALM001183,2025-04-06 05:28:24,2025-04-06 09:09:24,MYS-AGG03-HW01,Aggregation,8,HUAWEI,PACKET_LOSS,MAJOR,CLEARED,MYS,Mysore
ALM001264,2025-04-06 06:37:46,,HBL-ACC05-ER01,Access,9,ERICSSON,PACKET_LOSS,MAJOR,ACKNOWLEDGED,HBL,Hubli
ALM001241,2025-04-06 07:49:46,,MGR-MWRLY01-ER01,Access,9,ERICSSON,HIGH_MEMORY,WARNING,ACTIVE,MGR,Mangalore
ALM001164,2025-04-06 22:58:59,2025-04-07 00:29:59,MYS-CORE01-CS01,Core,6,CISCO,INTERFACE_FLAP,MAJOR,CLEARED,MYS,Mysore
ALM001019,2025-04-06 23:54:25,2025-04-07 01:53:25,OLA_BLR_MYS_01,DWDM,7,NOKIA,OLA_GAIN_DEGRADE,MAJOR,CLEARED,BACKBONE,Transit
ALM001414,2025-04-07 06:36:23,,MYS-AGG03-HW01,Aggregation,8,HUAWEI,LINK_DOWN,CRITICAL,ACTIVE,MYS,Mysore
ALM001415,2025-04-07 06:38:23,,MYS-ACC02-HW01,Access,9,HUAWEI,PTP_SYNC_LOSS,CRITICAL,ACTIVE,MYS,Mysore
ALM001416,2025-04-07 06:38:23,,BLR-ACC06-ER01,Access,9,ERICSSON,PTP_SYNC_LOSS,CRITICAL,ACTIVE,BLR,Bangalore
ALM001417,2025-04-07 06:38:23,,MYS-ACC05-HW01,Access,9,HUAWEI,PTP_SYNC_LOSS,CRITICAL,ACTIVE,MYS,Mysore
ALM001418,2025-04-07 06:41:23,,MYS-ACC02-HW01,Access,9,HUAWEI,CELL_UNAVAILABLE,CRITICAL,ACTIVE,MYS,Mysore
ALM001419,2025-04-07 06:41:23,,MYS-ACC02-HW01,Access,9,HUAWEI,DU_UNREACHABLE,CRITICAL,ACTIVE,MYS,Mysore
ALM001420,2025-04-07 06:41:23,,BLR-ACC06-ER01,Access,9,ERICSSON,CELL_UNAVAILABLE,CRITICAL,ACTIVE,BLR,Bangalore
ALM001421,2025-04-07 06:41:23,,BLR-ACC06-ER01,Access,9,ERICSSON,DU_UNREACHABLE,CRITICAL,ACTIVE,BLR,Bangalore
ALM001422,2025-04-07 06:41:23,,MYS-ACC05-HW01,Access,9,HUAWEI,CELL_UNAVAILABLE,CRITICAL,ACTIVE,MYS,Mysore
ALM001423,2025-04-07 06:41:23,,MYS-ACC05-HW01,Access,9,HUAWEI,DU_UNREACHABLE,CRITICAL,ACTIVE,MYS,Mysore
ALM001077,2025-04-08 00:22:20,,HBL-ACC03-ER01,Access,9,ERICSSON,HIGH_CPU,WARNING,ACKNOWLEDGED,HBL,Hubli
ALM001213,2025-04-08 05:34:27,2025-04-08 06:51:27,BLR-METRO02-NK01,Metro,7,NOKIA,LINK_DOWN,CRITICAL,CLEARED,BLR,Bangalore
ALM001010,2025-04-08 10:08:33,2025-04-08 17:50:33,HBL-ACC04-NK01,Access,9,NOKIA,LINK_DOWN,CRITICAL,CLEARED,HBL,Hubli
ALM001237,2025-04-08 14:36:55,,MYS-ACC01-HW01,Access,9,HUAWEI,PTP_SYNC_LOSS,CRITICAL,ACKNOWLEDGED,MYS,Mysore
ALM001018,2025-04-09 13:52:23,2025-04-09 15:26:23,MYS-MWRLY02-ER01,Access,9,ERICSSON,HIGH_MEMORY,WARNING,CLEARED,MYS,Mysore
ALM001320,2025-04-10 06:07:08,,MYS-AGG02-HW01,Aggregation,8,HUAWEI,LINK_DOWN,CRITICAL,ACTIVE,MYS,Mysore
ALM001321,2025-04-10 06:09:08,,MYS-MWRLY01-ER01,Access,9,ERICSSON,PTP_SYNC_LOSS,CRITICAL,ACTIVE,MYS,Mysore
ALM001322,2025-04-10 06:09:08,,MYS-ACC01-HW01,Access,9,HUAWEI,PTP_SYNC_LOSS,CRITICAL,ACTIVE,MYS,Mysore
ALM001323,2025-04-10 06:09:08,,HBL-ACC04-NK01,Access,9,NOKIA,PTP_SYNC_LOSS,CRITICAL,ACTIVE,HBL,Hubli
ALM001324,2025-04-10 06:12:08,,MYS-MWRLY01-ER01,Access,9,ERICSSON,CELL_UNAVAILABLE,CRITICAL,ACTIVE,MYS,Mysore
ALM001325,2025-04-10 06:12:08,,MYS-MWRLY01-ER01,Access,9,ERICSSON,DU_UNREACHABLE,CRITICAL,ACTIVE,MYS,Mysore
ALM001326,2025-04-10 06:12:08,,MYS-ACC01-HW01,Access,9,HUAWEI,CELL_UNAVAILABLE,CRITICAL,ACTIVE,MYS,Mysore
ALM001327,2025-04-10 06:12:08,,MYS-ACC01-HW01,Access,9,HUAWEI,DU_UNREACHABLE,CRITICAL,ACTIVE,MYS,Mysore
ALM001328,2025-04-10 06:12:08,,HBL-ACC04-NK01,Access,9,NOKIA,CELL_UNAVAILABLE,CRITICAL,ACTIVE,HBL,Hubli
ALM001329,2025-04-10 06:12:08,,HBL-ACC04-NK01,Access,9,NOKIA,DU_UNREACHABLE,CRITICAL,ACTIVE,HBL,Hubli
ALM001003,2025-04-10 21:13:09,2025-04-10 22:46:09,MYS-MWRLY01-ER01,Access,9,ERICSSON,DU_UNREACHABLE,CRITICAL,CLEARED,MYS,Mysore
ALM001135,2025-04-10 22:26:46,,HBL-MWRLY02-ER01,Access,9,ERICSSON,HIGH_CPU,WARNING,ACKNOWLEDGED,HBL,Hubli
ALM001294,2025-04-11 06:47:22,,OLA_MYS_HBL_01,DWDM,7,NOKIA,AMPLIFIER_FAIL,CRITICAL,ACKNOWLEDGED,BACKBONE,Transit
ALM001055,2025-04-12 00:19:10,,HBL-CORE01-CS01,Core,6,CISCO,PACKET_LOSS,MAJOR,ACTIVE,HBL,Hubli
ALM001268,2025-04-13 05:25:06,,MGR-MWRLY01-ER01,Access,9,ERICSSON,HIGH_CPU,WARNING,ACKNOWLEDGED,MGR,Mangalore
ALM001288,2025-04-13 18:04:20,,MGR-METRO02-NK01,Metro,7,NOKIA,LINK_DOWN,CRITICAL,ACTIVE,MGR,Mangalore
ALM001106,2025-04-14 10:32:02,2025-04-14 12:42:02,BLR-AGG02-HW01,Aggregation,8,HUAWEI,PACKET_LOSS,MAJOR,CLEARED,BLR,Bangalore
ALM001278,2025-04-14 20:06:21,2025-04-15 00:23:21,BLR-METRO02-NK01,Metro,7,NOKIA,PACKET_LOSS,MAJOR,CLEARED,BLR,Bangalore
ALM001029,2025-04-15 11:42:25,,MGR-ACC04-HW01,Access,9,HUAWEI,PTP_SYNC_LOSS,CRITICAL,ACTIVE,MGR,Mangalore
ALM001225,2025-04-16 17:25:57,2025-04-16 23:49:57,HBL-CORE01-CS01,Core,6,CISCO,HIGH_CPU,WARNING,CLEARED,HBL,Hubli
ALM001310,2025-04-17 09:45:20,,BLR-AGG01-NK01,Aggregation,8,NOKIA,LINK_DOWN,CRITICAL,ACTIVE,BLR,Bangalore
ALM001311,2025-04-17 09:47:20,,MYS-ACC06-ER01,Access,9,ERICSSON,PTP_SYNC_LOSS,CRITICAL,ACTIVE,MYS,Mysore
ALM001312,2025-04-17 09:47:20,,BLR-MWRLY01-ER01,Access,9,ERICSSON,PTP_SYNC_LOSS,CRITICAL,ACTIVE,BLR,Bangalore
ALM001313,2025-04-17 09:47:20,,BLR-MWRLY02-ER01,Access,9,ERICSSON,PTP_SYNC_LOSS,CRITICAL,ACTIVE,BLR,Bangalore
ALM001314,2025-04-17 09:50:20,,MYS-ACC06-ER01,Access,9,ERICSSON,CELL_UNAVAILABLE,CRITICAL,ACTIVE,MYS,Mysore
ALM001315,2025-04-17 09:50:20,,MYS-ACC06-ER01,Access,9,ERICSSON,DU_UNREACHABLE,CRITICAL,ACTIVE,MYS,Mysore
ALM001316,2025-04-17 09:50:20,,BLR-MWRLY01-ER01,Access,9,ERICSSON,CELL_UNAVAILABLE,CRITICAL,ACTIVE,BLR,Bangalore
ALM001317,2025-04-17 09:50:20,,BLR-MWRLY01-ER01,Access,9,ERICSSON,DU_UNREACHABLE,CRITICAL,ACTIVE,BLR,Bangalore
ALM001318,2025-04-17 09:50:20,,BLR-MWRLY02-ER01,Access,9,ERICSSON,CELL_UNAVAILABLE,CRITICAL,ACTIVE,BLR,Bangalore
ALM001319,2025-04-17 09:50:20,,BLR-MWRLY02-ER01,Access,9,ERICSSON,DU_UNREACHABLE,CRITICAL,ACTIVE,BLR,Bangalore
ALM001094,2025-04-18 12:40:06,,HBL-MWRLY02-ER01,Access,9,ERICSSON,PACKET_LOSS,MAJOR,ACTIVE,HBL,Hubli
ALM001060,2025-04-18 16:45:57,2025-04-18 18:16:57,MGR-ACC06-HW01,Access,9,HUAWEI,HIGH_MEMORY,WARNING,CLEARED,MGR,Mangalore
ALM001081,2025-04-19 17:56:24,2025-04-20 01:41:24,MGR-AGG03-NK01,Aggregation,8,NOKIA,PTP_SYNC_LOSS,CRITICAL,CLEARED,MGR,Mangalore
ALM001214,2025-04-20 09:51:06,,BLR-AGG02-HW01,Aggregation,8,HUAWEI,INTERFACE_FLAP,MAJOR,ACTIVE,BLR,Bangalore
ALM001087,2025-04-20 10:32:15,2025-04-20 15:07:15,MYS-MWRLY02-ER01,Access,9,ERICSSON,INTERFACE_FLAP,MAJOR,CLEARED,MYS,Mysore
ALM001286,2025-04-20 14:13:53,,BLR-ACC05-ER01,Access,9,ERICSSON,HIGH_CPU,WARNING,ACTIVE,BLR,Bangalore
ALM001024,2025-04-21 09:26:42,2025-04-21 10:49:42,OLA_MYS_HBL_01,DWDM,7,NOKIA,LINK_DOWN,CRITICAL,CLEARED,BACKBONE,Transit
ALM001240,2025-04-21 16:00:21,2025-04-21 22:42:21,MGR-ACC03-NK01,Access,9,NOKIA,PACKET_LOSS,MAJOR,CLEARED,MGR,Mangalore
ALM001062,2025-04-22 00:36:01,2025-04-22 01:45:01,HBL-MWRLY02-ER01,Access,9,ERICSSON,HIGH_CPU,WARNING,CLEARED,HBL,Hubli
ALM001080,2025-04-22 02:44:54,,MYS-METRO02-NK01,Metro,7,NOKIA,PTP_SYNC_LOSS,CRITICAL,ACKNOWLEDGED,MYS,Mysore
ALM001265,2025-04-23 16:18:19,,BLR-ACC03-NK01,Access,9,NOKIA,CELL_UNAVAILABLE,CRITICAL,ACKNOWLEDGED,BLR,Bangalore
ALM001031,2025-04-24 06:16:47,,MGR-METRO01-NK01,Metro,7,NOKIA,PACKET_LOSS,MAJOR,ACKNOWLEDGED,MGR,Mangalore
ALM001465,2025-04-24 14:55:46,,MYS-MWRLY02-ER01,Access,9,ERICSSON,PACKET_LOSS,MAJOR,ACTIVE,MYS,Mysore
ALM001466,2025-04-24 14:58:46,,MYS-MWRLY02-ER01,Access,9,ERICSSON,INTERFACE_FLAP,MAJOR,ACTIVE,MYS,Mysore
ALM001467,2025-04-24 15:03:46,,MYS-MWRLY02-ER01,Access,9,ERICSSON,LINK_DOWN,CRITICAL,ACTIVE,MYS,Mysore
ALM001178,2025-04-25 07:56:48,,MGR-MWRLY02-ER01,Access,9,ERICSSON,PTP_SYNC_LOSS,CRITICAL,ACTIVE,MGR,Mangalore
ALM001098,2025-04-25 08:32:16,2025-04-25 12:29:16,BLR-MWRLY02-ER01,Access,9,ERICSSON,CELL_UNAVAILABLE,CRITICAL,CLEARED,BLR,Bangalore
ALM001257,2025-04-25 08:45:23,,MYS-CORE01-CS01,Core,6,CISCO,INTERFACE_FLAP,MAJOR,ACTIVE,MYS,Mysore
ALM001262,2025-04-25 09:24:29,2025-04-25 11:39:29,BLR-ACC02-HW01,Access,9,HUAWEI,PTP_SYNC_LOSS,CRITICAL,CLEARED,BLR,Bangalore
ALM001076,2025-04-26 01:01:22,,MYS-AGG02-HW01,Aggregation,8,HUAWEI,HIGH_CPU,WARNING,ACTIVE,MYS,Mysore
ALM001234,2025-04-26 22:38:57,2025-04-27 03:59:57,MYS-ACC01-HW01,Access,9,HUAWEI,HIGH_CPU,WARNING,CLEARED,MYS,Mysore
ALM001208,2025-04-27 18:55:37,2025-04-27 21:02:37,HBL-ACC04-NK01,Access,9,NOKIA,HIGH_CPU,WARNING,CLEARED,HBL,Hubli
ALM001203,2025-04-28 08:01:54,,MYS-CORE01-CS01,Core,6,CISCO,PACKET_LOSS,MAJOR,ACTIVE,MYS,Mysore
ALM001006,2025-04-29 16:57:12,2025-04-29 17:25:12,MYS-ACC05-HW01,Access,9,HUAWEI,HIGH_CPU,WARNING,CLEARED,MYS,Mysore
ALM001143,2025-04-30 06:32:07,2025-04-30 09:57:07,MGR-ACC01-NK01,Access,9,NOKIA,PACKET_LOSS,MAJOR,CLEARED,MGR,Mangalore
ALM001230,2025-05-01 05:10:55,,MGR-ACC06-HW01,Access,9,HUAWEI,LINK_DOWN,CRITICAL,ACTIVE,MGR,Mangalore
ALM001227,2025-05-01 09:29:23,2025-05-01 12:51:23,MYS-METRO02-NK01,Metro,7,NOKIA,HIGH_CPU,WARNING,CLEARED,MYS,Mysore
ALM001222,2025-05-03 00:12:14,,HBL-ACC05-ER01,Access,9,ERICSSON,HIGH_MEMORY,WARNING,ACTIVE,HBL,Hubli
ALM001136,2025-05-03 00:35:11,2025-05-03 00:52:11,HBL-ACC03-ER01,Access,9,ERICSSON,CELL_UNAVAILABLE,CRITICAL,CLEARED,HBL,Hubli
ALM001211,2025-05-03 01:19:13,,BLR-AGG03-HW01,Aggregation,8,HUAWEI,INTERFACE_FLAP,MAJOR,ACTIVE,BLR,Bangalore
ALM001152,2025-05-04 01:58:57,2025-05-04 03:38:57,BLR-MWRLY02-ER01,Access,9,ERICSSON,HIGH_CPU,WARNING,CLEARED,BLR,Bangalore
ALM001206,2025-05-04 03:38:56,2025-05-04 09:20:56,MYS-ACC03-ER01,Access,9,ERICSSON,HIGH_CPU,WARNING,CLEARED,MYS,Mysore
ALM001215,2025-05-05 04:14:52,2025-05-05 04:55:52,BLR-METRO01-NK01,Metro,7,NOKIA,BGP_SESSION_DOWN,CRITICAL,CLEARED,BLR,Bangalore
ALM001249,2025-05-05 20:07:38,,HBL-ACC02-ER01,Access,9,ERICSSON,CELL_UNAVAILABLE,CRITICAL,ACTIVE,HBL,Hubli
ALM001153,2025-05-06 00:24:27,,MYS-METRO02-NK01,Metro,7,NOKIA,BGP_SESSION_DOWN,CRITICAL,ACKNOWLEDGED,MYS,Mysore
ALM001002,2025-05-06 06:26:46,2025-05-06 08:18:46,BLR-METRO02-NK01,Metro,7,NOKIA,PACKET_LOSS,MAJOR,CLEARED,BLR,Bangalore
ALM001089,2025-05-06 10:38:05,2025-05-06 11:04:05,MYS-AGG03-HW01,Aggregation,8,HUAWEI,PTP_SYNC_LOSS,CRITICAL,CLEARED,MYS,Mysore
ALM001176,2025-05-06 12:23:08,,BLR-AGG01-NK01,Aggregation,8,NOKIA,PACKET_LOSS,MAJOR,ACKNOWLEDGED,BLR,Bangalore
ALM001248,2025-05-06 22:11:22,2025-05-07 02:50:22,BLR-AGG02-HW01,Aggregation,8,HUAWEI,INTERFACE_FLAP,MAJOR,CLEARED,BLR,Bangalore
ALM001015,2025-05-08 07:54:16,,MYS-ACC06-ER01,Access,9,ERICSSON,DU_UNREACHABLE,CRITICAL,ACTIVE,MYS,Mysore
ALM001238,2025-05-08 20:59:46,2025-05-09 02:46:46,MYS-METRO01-CS01,Metro,7,CISCO,PACKET_LOSS,MAJOR,CLEARED,MYS,Mysore
ALM001229,2025-05-09 09:29:02,,OLA_HBL_MGR_01,DWDM,7,NOKIA,LINK_DOWN,CRITICAL,ACKNOWLEDGED,BACKBONE,Transit
ALM001121,2025-05-11 17:16:09,,MYS-CORE01-CS01,Core,6,CISCO,PACKET_LOSS,MAJOR,ACTIVE,MYS,Mysore
ALM001290,2025-05-13 08:45:01,,HBL-ACC02-ER01,Access,9,ERICSSON,HIGH_CPU,WARNING,ACTIVE,HBL,Hubli
ALM001085,2025-05-14 00:38:47,,MGR-ACC01-NK01,Access,9,NOKIA,INTERFACE_FLAP,MAJOR,ACTIVE,MGR,Mangalore
ALM001220,2025-05-14 21:34:01,2025-05-15 05:05:01,BLR-AGG02-HW01,Aggregation,8,HUAWEI,PTP_SYNC_LOSS,CRITICAL,CLEARED,BLR,Bangalore
ALM001235,2025-05-16 04:25:14,2025-05-16 06:37:14,HBL-METRO02-NK01,Metro,7,NOKIA,LINK_DOWN,CRITICAL,CLEARED,HBL,Hubli
ALM001195,2025-05-16 04:33:37,2025-05-16 10:12:37,HBL-ACC03-ER01,Access,9,ERICSSON,PTP_SYNC_LOSS,CRITICAL,CLEARED,HBL,Hubli
ALM001144,2025-05-17 10:21:13,2025-05-17 11:08:13,MGR-AGG01-HW01,Aggregation,8,HUAWEI,PTP_SYNC_LOSS,CRITICAL,CLEARED,MGR,Mangalore
ALM001205,2025-05-18 11:12:09,2025-05-18 18:00:09,BLR-ACC01-HW01,Access,9,HUAWEI,PACKET_LOSS,MAJOR,CLEARED,BLR,Bangalore
ALM001193,2025-05-18 11:59:48,2025-05-18 14:06:48,BLR-MWRLY02-ER01,Access,9,ERICSSON,INTERFACE_FLAP,MAJOR,CLEARED,BLR,Bangalore
ALM001283,2025-05-18 12:07:00,2025-05-18 14:47:00,MGR-METRO01-NK01,Metro,7,NOKIA,INTERFACE_FLAP,MAJOR,CLEARED,MGR,Mangalore
ALM001163,2025-05-18 19:05:21,,MYS-CORE01-CS01,Core,6,CISCO,BGP_SESSION_DOWN,CRITICAL,ACTIVE,MYS,Mysore
ALM001155,2025-05-19 00:07:08,2025-05-19 01:45:08,OLA_HBL_MGR_01,DWDM,7,NOKIA,AMPLIFIER_FAIL,CRITICAL,CLEARED,BACKBONE,Transit
ALM001115,2025-05-20 17:24:23,2025-05-21 00:32:23,BLR-ACC02-HW01,Access,9,HUAWEI,HIGH_MEMORY,WARNING,CLEARED,BLR,Bangalore
ALM001113,2025-05-21 09:02:42,,MGR-ACC03-NK01,Access,9,NOKIA,HIGH_CPU,WARNING,ACKNOWLEDGED,MGR,Mangalore
ALM001397,2025-05-21 23:55:50,,MYS-AGG01-HW01,Aggregation,8,HUAWEI,LINK_DOWN,CRITICAL,ACTIVE,MYS,Mysore
ALM001398,2025-05-21 23:57:50,,HBL-ACC04-NK01,Access,9,NOKIA,PTP_SYNC_LOSS,CRITICAL,ACTIVE,HBL,Hubli
ALM001399,2025-05-21 23:57:50,,BLR-ACC06-ER01,Access,9,ERICSSON,PTP_SYNC_LOSS,CRITICAL,ACTIVE,BLR,Bangalore
ALM001400,2025-05-21 23:57:50,,HBL-MWRLY02-ER01,Access,9,ERICSSON,PTP_SYNC_LOSS,CRITICAL,ACTIVE,HBL,Hubli
ALM001401,2025-05-22 00:00:50,,HBL-ACC04-NK01,Access,9,NOKIA,CELL_UNAVAILABLE,CRITICAL,ACTIVE,HBL,Hubli
ALM001402,2025-05-22 00:00:50,,HBL-ACC04-NK01,Access,9,NOKIA,DU_UNREACHABLE,CRITICAL,ACTIVE,HBL,Hubli
ALM001403,2025-05-22 00:00:50,,BLR-ACC06-ER01,Access,9,ERICSSON,CELL_UNAVAILABLE,CRITICAL,ACTIVE,BLR,Bangalore
ALM001404,2025-05-22 00:00:50,,BLR-ACC06-ER01,Access,9,ERICSSON,DU_UNREACHABLE,CRITICAL,ACTIVE,BLR,Bangalore
ALM001405,2025-05-22 00:00:50,,HBL-MWRLY02-ER01,Access,9,ERICSSON,CELL_UNAVAILABLE,CRITICAL,ACTIVE,HBL,Hubli
ALM001406,2025-05-22 00:00:50,,HBL-MWRLY02-ER01,Access,9,ERICSSON,DU_UNREACHABLE,CRITICAL,ACTIVE,HBL,Hubli
ALM001273,2025-05-22 06:42:40,,OLA_BLR_MYS_01,DWDM,7,NOKIA,OPTICAL_POWER_LOW,MAJOR,ACTIVE,BACKBONE,Transit
ALM001056,2025-05-23 09:18:07,2025-05-23 16:10:07,BLR-CORE01-CS01,Core,6,CISCO,BGP_SESSION_DOWN,CRITICAL,CLEARED,BLR,Bangalore
ALM001125,2025-05-24 04:41:59,,BLR-METRO01-NK01,Metro,7,NOKIA,BGP_SESSION_DOWN,CRITICAL,ACKNOWLEDGED,BLR,Bangalore
ALM001032,2025-05-24 16:40:39,2025-05-24 23:47:39,BLR-ACC03-NK01,Access,9,NOKIA,INTERFACE_FLAP,MAJOR,CLEARED,BLR,Bangalore
ALM001053,2025-05-26 14:46:50,2025-05-26 22:23:50,MYS-MWRLY01-ER01,Access,9,ERICSSON,PTP_SYNC_LOSS,CRITICAL,CLEARED,MYS,Mysore
ALM001192,2025-05-28 08:33:28,,MYS-AGG03-HW01,Aggregation,8,HUAWEI,SPANNING_TREE_CHANGE,WARNING,ACTIVE,MYS,Mysore
ALM001256,2025-05-30 01:46:51,,BLR-AGG02-HW01,Aggregation,8,HUAWEI,LINK_DOWN,CRITICAL,ACTIVE,BLR,Bangalore
ALM001207,2025-05-30 16:47:31,,MYS-ACC03-ER01,Access,9,ERICSSON,HIGH_MEMORY,WARNING,ACKNOWLEDGED,MYS,Mysore
ALM001217,2025-05-31 13:57:37,2025-05-31 20:13:37,MYS-ACC06-ER01,Access,9,ERICSSON,DU_UNREACHABLE,CRITICAL,CLEARED,MYS,Mysore
ALM001292,2025-05-31 21:34:11,2025-05-31 22:33:11,BLR-ACC05-ER01,Access,9,ERICSSON,INTERFACE_FLAP,MAJOR,CLEARED,BLR,Bangalore
ALM001297,2025-06-02 18:00:59,,HBL-AGG03-NK01,Aggregation,8,NOKIA,SPANNING_TREE_CHANGE,WARNING,ACTIVE,HBL,Hubli
ALM001151,2025-06-02 19:19:34,2025-06-02 23:18:34,MGR-ACC02-ER01,Access,9,ERICSSON,INTERFACE_FLAP,MAJOR,CLEARED,MGR,Mangalore
ALM001097,2025-06-03 15:13:54,,OLA_BLR_MYS_01,DWDM,7,NOKIA,LINK_DOWN,CRITICAL,ACKNOWLEDGED,BACKBONE,Transit
ALM001453,2025-06-03 21:26:10,,MGR-MWRLY02-ER01,Access,9,ERICSSON,PACKET_LOSS,MAJOR,ACTIVE,MGR,Mangalore
ALM001454,2025-06-03 21:29:10,,MGR-MWRLY02-ER01,Access,9,ERICSSON,INTERFACE_FLAP,MAJOR,ACTIVE,MGR,Mangalore
ALM001455,2025-06-03 21:34:10,,MGR-MWRLY02-ER01,Access,9,ERICSSON,LINK_DOWN,CRITICAL,ACTIVE,MGR,Mangalore
ALM001096,2025-06-04 02:16:30,,MYS-METRO02-NK01,Metro,7,NOKIA,LINK_DOWN,CRITICAL,ACTIVE,MYS,Mysore
ALM001100,2025-06-04 16:04:14,2025-06-04 22:46:14,HBL-ACC04-NK01,Access,9,NOKIA,DU_UNREACHABLE,CRITICAL,CLEARED,HBL,Hubli
ALM001340,2025-06-04 19:30:59,,HBL-AGG03-NK01,Aggregation,8,NOKIA,LINK_DOWN,CRITICAL,ACTIVE,HBL,Hubli
ALM001341,2025-06-04 19:32:59,,BLR-ACC02-HW01,Access,9,HUAWEI,PTP_SYNC_LOSS,CRITICAL,ACTIVE,BLR,Bangalore
ALM001342,2025-06-04 19:32:59,,MGR-ACC02-ER01,Access,9,ERICSSON,PTP_SYNC_LOSS,CRITICAL,ACTIVE,MGR,Mangalore
ALM001343,2025-06-04 19:32:59,,HBL-ACC02-ER01,Access,9,ERICSSON,PTP_SYNC_LOSS,CRITICAL,ACTIVE,HBL,Hubli
ALM001263,2025-06-04 19:33:14,2025-06-05 01:32:14,MGR-AGG02-NK01,Aggregation,8,NOKIA,PTP_SYNC_LOSS,CRITICAL,CLEARED,MGR,Mangalore
ALM001344,2025-06-04 19:35:59,,BLR-ACC02-HW01,Access,9,HUAWEI,CELL_UNAVAILABLE,CRITICAL,ACTIVE,BLR,Bangalore
ALM001345,2025-06-04 19:35:59,,BLR-ACC02-HW01,Access,9,HUAWEI,DU_UNREACHABLE,CRITICAL,ACTIVE,BLR,Bangalore
ALM001346,2025-06-04 19:35:59,,MGR-ACC02-ER01,Access,9,ERICSSON,CELL_UNAVAILABLE,CRITICAL,ACTIVE,MGR,Mangalore
ALM001347,2025-06-04 19:35:59,,MGR-ACC02-ER01,Access,9,ERICSSON,DU_UNREACHABLE,CRITICAL,ACTIVE,MGR,Mangalore
ALM001348,2025-06-04 19:35:59,,HBL-ACC02-ER01,Access,9,ERICSSON,CELL_UNAVAILABLE,CRITICAL,ACTIVE,HBL,Hubli
ALM001349,2025-06-04 19:35:59,,HBL-ACC02-ER01,Access,9,ERICSSON,DU_UNREACHABLE,CRITICAL,ACTIVE,HBL,Hubli
ALM001013,2025-06-05 13:07:06,,MGR-ACC06-HW01,Access,9,HUAWEI,PACKET_LOSS,MAJOR,ACTIVE,MGR,Mangalore
ALM001296,2025-06-05 17:44:07,2025-06-05 23:04:07,MGR-CORE01-CS01,Core,6,CISCO,LINK_DOWN,CRITICAL,CLEARED,MGR,Mangalore
ALM001066,2025-06-06 02:23:32,,HBL-METRO01-NK01,Metro,7,NOKIA,INTERFACE_FLAP,MAJOR,ACTIVE,HBL,Hubli
ALM001187,2025-06-06 14:07:17,,MGR-ACC06-HW01,Access,9,HUAWEI,PTP_SYNC_LOSS,CRITICAL,ACKNOWLEDGED,MGR,Mangalore
ALM001105,2025-06-07 03:20:01,,BLR-AGG01-NK01,Aggregation,8,NOKIA,LINK_DOWN,CRITICAL,ACKNOWLEDGED,BLR,Bangalore
ALM001242,2025-06-07 04:48:06,2025-06-07 09:29:06,HBL-ACC01-HW01,Access,9,HUAWEI,PACKET_LOSS,MAJOR,CLEARED,HBL,Hubli
ALM001245,2025-06-07 13:33:06,,MYS-ACC05-HW01,Access,9,HUAWEI,HIGH_CPU,WARNING,ACTIVE,MYS,Mysore
ALM001079,2025-06-08 08:48:04,2025-06-08 12:32:04,BLR-AGG03-HW01,Aggregation,8,HUAWEI,PACKET_LOSS,MAJOR,CLEARED,BLR,Bangalore
ALM001072,2025-06-10 00:02:27,,BLR-AGG01-NK01,Aggregation,8,NOKIA,LINK_DOWN,CRITICAL,ACTIVE,BLR,Bangalore
ALM001063,2025-06-11 09:03:56,,OLA_MYS_HBL_01,DWDM,7,NOKIA,OPTICAL_POWER_LOW,MAJOR,ACTIVE,BACKBONE,Transit
ALM001141,2025-06-11 10:46:40,,HBL-MWRLY02-ER01,Access,9,ERICSSON,INTERFACE_FLAP,MAJOR,ACTIVE,HBL,Hubli
ALM001042,2025-06-12 00:37:20,2025-06-12 02:03:20,MGR-ACC02-ER01,Access,9,ERICSSON,CELL_UNAVAILABLE,CRITICAL,CLEARED,MGR,Mangalore
ALM001090,2025-06-12 04:55:26,,HBL-ACC01-HW01,Access,9,HUAWEI,HIGH_CPU,WARNING,ACTIVE,HBL,Hubli
ALM001114,2025-06-12 05:02:11,2025-06-12 09:07:11,BLR-ACC04-ER01,Access,9,ERICSSON,PTP_SYNC_LOSS,CRITICAL,CLEARED,BLR,Bangalore
ALM001236,2025-06-13 04:01:16,,OLA_MYS_HBL_01,DWDM,7,NOKIA,OPTICAL_POWER_LOW,MAJOR,ACTIVE,BACKBONE,Transit
ALM001011,2025-06-13 06:28:16,2025-06-13 13:32:16,MYS-MWRLY01-ER01,Access,9,ERICSSON,LINK_DOWN,CRITICAL,CLEARED,MYS,Mysore
ALM001028,2025-06-13 08:42:26,2025-06-13 16:07:26,MGR-ACC01-NK01,Access,9,NOKIA,PACKET_LOSS,MAJOR,CLEARED,MGR,Mangalore
ALM001289,2025-06-14 11:42:32,2025-06-14 19:10:32,OLA_MYS_HBL_01,DWDM,7,NOKIA,OPTICAL_POWER_LOW,MAJOR,CLEARED,BACKBONE,Transit
ALM001239,2025-06-15 04:20:00,,MGR-AGG03-NK01,Aggregation,8,NOKIA,HIGH_CPU,WARNING,ACTIVE,MGR,Mangalore
ALM001162,2025-06-15 15:41:31,,HBL-ACC06-HW01,Access,9,HUAWEI,CELL_UNAVAILABLE,CRITICAL,ACTIVE,HBL,Hubli
ALM001456,2025-06-17 15:55:36,,MGR-MWRLY01-ER01,Access,9,ERICSSON,PACKET_LOSS,MAJOR,ACTIVE,MGR,Mangalore
ALM001457,2025-06-17 15:58:36,,MGR-MWRLY01-ER01,Access,9,ERICSSON,INTERFACE_FLAP,MAJOR,ACTIVE,MGR,Mangalore
ALM001458,2025-06-17 16:03:36,,MGR-MWRLY01-ER01,Access,9,ERICSSON,LINK_DOWN,CRITICAL,ACTIVE,MGR,Mangalore
ALM001148,2025-06-17 17:40:27,2025-06-17 23:11:27,BLR-CORE01-CS01,Core,6,CISCO,HIGH_CPU,WARNING,CLEARED,BLR,Bangalore
ALM001299,2025-06-18 12:45:17,,HBL-METRO01-NK01,Metro,7,NOKIA,PTP_SYNC_LOSS,CRITICAL,ACKNOWLEDGED,HBL,Hubli
ALM001282,2025-06-19 04:31:54,,MYS-METRO02-NK01,Metro,7,NOKIA,PACKET_LOSS,MAJOR,ACKNOWLEDGED,MYS,Mysore
ALM001008,2025-06-19 05:02:07,,MGR-METRO02-NK01,Metro,7,NOKIA,PACKET_LOSS,MAJOR,ACTIVE,MGR,Mangalore
ALM001073,2025-06-19 09:11:17,,BLR-AGG01-NK01,Aggregation,8,NOKIA,LINK_DOWN,CRITICAL,ACKNOWLEDGED,BLR,Bangalore
ALM001260,2025-06-19 12:11:14,2025-06-19 12:57:14,HBL-ACC03-ER01,Access,9,ERICSSON,LINK_DOWN,CRITICAL,CLEARED,HBL,Hubli
ALM001221,2025-06-22 06:59:05,2025-06-22 14:23:05,BLR-ACC04-ER01,Access,9,ERICSSON,LINK_DOWN,CRITICAL,CLEARED,BLR,Bangalore
ALM001267,2025-06-22 18:12:49,2025-06-23 01:25:49,HBL-AGG01-HW01,Aggregation,8,HUAWEI,PTP_SYNC_LOSS,CRITICAL,CLEARED,HBL,Hubli
ALM001134,2025-06-23 08:11:32,,MGR-ACC01-NK01,Access,9,NOKIA,HIGH_MEMORY,WARNING,ACTIVE,MGR,Mangalore
ALM001191,2025-06-23 19:28:43,2025-06-24 00:47:43,MYS-ACC05-HW01,Access,9,HUAWEI,LINK_DOWN,CRITICAL,CLEARED,MYS,Mysore
ALM001025,2025-06-23 21:38:55,,HBL-AGG01-HW01,Aggregation,8,HUAWEI,PTP_SYNC_LOSS,CRITICAL,ACKNOWLEDGED,HBL,Hubli
ALM001300,2025-06-24 17:12:58,,MYS-AGG02-HW01,Aggregation,8,HUAWEI,LINK_DOWN,CRITICAL,ACTIVE,MYS,Mysore
ALM001301,2025-06-24 17:14:58,,BLR-ACC01-HW01,Access,9,HUAWEI,PTP_SYNC_LOSS,CRITICAL,ACTIVE,BLR,Bangalore
ALM001302,2025-06-24 17:14:58,,MYS-ACC03-ER01,Access,9,ERICSSON,PTP_SYNC_LOSS,CRITICAL,ACTIVE,MYS,Mysore
ALM001303,2025-06-24 17:14:58,,MYS-ACC04-HW01,Access,9,HUAWEI,PTP_SYNC_LOSS,CRITICAL,ACTIVE,MYS,Mysore
ALM001304,2025-06-24 17:17:58,,BLR-ACC01-HW01,Access,9,HUAWEI,CELL_UNAVAILABLE,CRITICAL,ACTIVE,BLR,Bangalore
ALM001305,2025-06-24 17:17:58,,BLR-ACC01-HW01,Access,9,HUAWEI,DU_UNREACHABLE,CRITICAL,ACTIVE,BLR,Bangalore
ALM001306,2025-06-24 17:17:58,,MYS-ACC03-ER01,Access,9,ERICSSON,CELL_UNAVAILABLE,CRITICAL,ACTIVE,MYS,Mysore
ALM001307,2025-06-24 17:17:58,,MYS-ACC03-ER01,Access,9,ERICSSON,DU_UNREACHABLE,CRITICAL,ACTIVE,MYS,Mysore
ALM001308,2025-06-24 17:17:58,,MYS-ACC04-HW01,Access,9,HUAWEI,CELL_UNAVAILABLE,CRITICAL,ACTIVE,MYS,Mysore
ALM001309,2025-06-24 17:17:58,,MYS-ACC04-HW01,Access,9,HUAWEI,DU_UNREACHABLE,CRITICAL,ACTIVE,MYS,Mysore
ALM001131,2025-06-25 07:36:25,2025-06-25 14:06:25,HBL-ACC05-ER01,Access,9,ERICSSON,LINK_DOWN,CRITICAL,CLEARED,HBL,Hubli
ALM001023,2025-06-25 10:50:30,2025-06-25 18:48:30,MYS-ACC03-ER01,Access,9,ERICSSON,CELL_UNAVAILABLE,CRITICAL,CLEARED,MYS,Mysore
ALM001150,2025-06-26 04:30:28,2025-06-26 08:24:28,MYS-ACC01-HW01,Access,9,HUAWEI,DU_UNREACHABLE,CRITICAL,CLEARED,MYS,Mysore
ALM001093,2025-06-26 09:11:45,2025-06-26 11:51:45,HBL-MWRLY02-ER01,Access,9,ERICSSON,PACKET_LOSS,MAJOR,CLEARED,HBL,Hubli
ALM001185,2025-06-26 09:42:52,,MGR-AGG02-NK01,Aggregation,8,NOKIA,HIGH_CPU,WARNING,ACTIVE,MGR,Mangalore
ALM001142,2025-06-26 19:03:32,,HBL-ACC01-HW01,Access,9,HUAWEI,PACKET_LOSS,MAJOR,ACTIVE,HBL,Hubli
ALM001219,2025-06-27 12:22:04,2025-06-27 12:47:04,MYS-AGG02-HW01,Aggregation,8,HUAWEI,PACKET_LOSS,MAJOR,CLEARED,MYS,Mysore
ALM001037,2025-06-27 22:24:26,2025-06-28 04:32:26,OLA_MYS_HBL_01,DWDM,7,NOKIA,AMPLIFIER_FAIL,CRITICAL,CLEARED,BACKBONE,Transit
ALM001224,2025-06-28 02:37:49,2025-06-28 06:44:49,HBL-ACC06-HW01,Access,9,HUAWEI,DU_UNREACHABLE,CRITICAL,CLEARED,HBL,Hubli
ALM001201,2025-06-28 18:08:30,,MYS-MWRLY02-ER01,Access,9,ERICSSON,INTERFACE_FLAP,MAJOR,ACTIVE,MYS,Mysore
ALM001350,2025-06-29 01:07:41,,BLR-AGG03-HW01,Aggregation,8,HUAWEI,LINK_DOWN,CRITICAL,ACTIVE,BLR,Bangalore
ALM001351,2025-06-29 01:09:41,,MGR-ACC03-NK01,Access,9,NOKIA,PTP_SYNC_LOSS,CRITICAL,ACTIVE,MGR,Mangalore
ALM001352,2025-06-29 01:09:41,,BLR-ACC01-HW01,Access,9,HUAWEI,PTP_SYNC_LOSS,CRITICAL,ACTIVE,BLR,Bangalore
ALM001353,2025-06-29 01:12:41,,MGR-ACC03-NK01,Access,9,NOKIA,CELL_UNAVAILABLE,CRITICAL,ACTIVE,MGR,Mangalore
ALM001354,2025-06-29 01:12:41,,MGR-ACC03-NK01,Access,9,NOKIA,DU_UNREACHABLE,CRITICAL,ACTIVE,MGR,Mangalore
ALM001355,2025-06-29 01:12:41,,BLR-ACC01-HW01,Access,9,HUAWEI,CELL_UNAVAILABLE,CRITICAL,ACTIVE,BLR,Bangalore
ALM001356,2025-06-29 01:12:41,,BLR-ACC01-HW01,Access,9,HUAWEI,DU_UNREACHABLE,CRITICAL,ACTIVE,BLR,Bangalore
ALM001444,2025-06-29 10:39:48,,HBL-MWRLY02-ER01,Access,9,ERICSSON,PACKET_LOSS,MAJOR,ACTIVE,HBL,Hubli
ALM001445,2025-06-29 10:42:48,,HBL-MWRLY02-ER01,Access,9,ERICSSON,INTERFACE_FLAP,MAJOR,ACTIVE,HBL,Hubli
ALM001446,2025-06-29 10:47:48,,HBL-MWRLY02-ER01,Access,9,ERICSSON,LINK_DOWN,CRITICAL,ACTIVE,HBL,Hubli
ALM001047,2025-06-29 11:41:52,2025-06-29 18:03:52,MYS-ACC06-ER01,Access,9,ERICSSON,PACKET_LOSS,MAJOR,CLEARED,MYS,Mysore
ALM001120,2025-06-29 21:50:49,,HBL-METRO01-NK01,Metro,7,NOKIA,BGP_SESSION_DOWN,CRITICAL,ACKNOWLEDGED,HBL,Hubli
ALM001251,2025-06-30 14:11:12,2025-06-30 17:05:12,OLA_BLR_MYS_01,DWDM,7,NOKIA,AMPLIFIER_FAIL,CRITICAL,CLEARED,BACKBONE,Transit
ALM001104,2025-07-01 09:11:52,2025-07-01 14:41:52,MGR-ACC05-ER01,Access,9,ERICSSON,CELL_UNAVAILABLE,CRITICAL,CLEARED,MGR,Mangalore
