device_name,timestamp,device_type,hierarchy_level,vendor,alarm_count_10min,critical_count_10min,major_count_10min,severity_score_sum,unique_alarm_types,has_link_down,has_ptp_sync_loss,has_packet_loss,has_high_cpu,has_high_memory,has_interface_flap,has_cell_unavailable,has_du_unreachable,target_down,device_type_enc,vendor_enc
MGR-CORE01-CS01,2025-01-01 08:02:04,Core,6,CISCO,1,0,1,2,1,0,0,0,0,0,1,0,0,0,2,0
MGR-CORE01-CS01,2025-03-10 05:47:04,Core,6,CISCO,1,0,1,2,1,0,0,0,0,0,1,0,0,0,2,0
MGR-CORE01-CS01,2025-06-05 17:44:07,Core,6,CISCO,1,1,0,3,1,1,0,0,0,0,0,0,0,0,2,0
HBL-METRO02-NK01,2025-01-01 10:46:50,Metro,7,NOKIA,1,0,1,2,1,0,0,1,0,0,0,0,0,0,4,3
HBL-METRO02-NK01,2025-05-16 04:25:14,Metro,7,NOKIA,1,1,0,3,1,1,0,0,0,0,0,0,0,0,4,3
MYS-ACC03-ER01,2025-01-01 16:19:43,Access,9,ERICSSON,1,1,0,3,1,0,1,0,0,0,0,0,0,0,0,1
MYS-ACC03-ER01,2025-03-05 14:28:24,Access,9,ERICSSON,1,1,0,3,1,0,1,0,0,0,0,0,0,1,0,1
MYS-ACC03-ER01,2025-03-05 14:31:24,Access,9,ERICSSON,3,3,0,9,3,0,1,0,0,0,0,1,1,0,0,1
MYS-ACC03-ER01,2025-03-05 14:31:24,Access,9,ERICSSON,3,3,0,9,3,0,1,0,0,0,0,1,1,0,0,1
MYS-ACC03-ER01,2025-03-30 07:43:27,Access,9,ERICSSON,1,1,0,3,1,0,1,0,0,0,0,0,0,1,0,1
MYS-ACC03-ER01,2025-03-30 07:46:27,Access,9,ERICSSON,3,3,0,9,3,0,1,0,0,0,0,1,1,0,0,1
MYS-ACC03-ER01,2025-03-30 07:46:27,Access,9,ERICSSON,3,3,0,9,3,0,1,0,0,0,0,1,1,0,0,1
MYS-ACC03-ER01,2025-05-04 03:38:56,Access,9,ERICSSON,1,0,0,1,1,0,0,0,1,0,0,0,0,0,0,1
MYS-ACC03-ER01,2025-05-30 16:47:31,Access,9,ERICSSON,1,0,0,1,1,0,0,0,0,1,0,0,0,0,0,1
MYS-ACC03-ER01,2025-06-24 17:14:58,Access,9,ERICSSON,1,1,0,3,1,0,1,0,0,0,0,0,0,1,0,1
MYS-ACC03-ER01,2025-06-24 17:17:58,Access,9,ERICSSON,3,3,0,9,3,0,1,0,0,0,0,1,1,0,0,1
MYS-ACC03-ER01,2025-06-24 17:17:58,Access,9,ERICSSON,3,3,0,9,3,0,1,0,0,0,0,1,1,0,0,1
MYS-ACC03-ER01,2025-06-25 10:50:30,Access,9,ERICSSON,1,1,0,3,1,0,0,0,0,0,0,1,0,0,0,1
MYS-MWRLY01-ER01,2025-01-02 04:35:29,Access,9,ERICSSON,1,0,1,2,1,0,0,1,0,0,0,0,0,0,0,1
MYS-MWRLY01-ER01,2025-01-03 13:05:27,Access,9,ERICSSON,1,0,0,1,1,0,0,0,1,0,0,0,0,0,0,1
MYS-MWRLY01-ER01,2025-01-08 02:52:37,Access,9,ERICSSON,1,0,1,2,1,0,0,1,0,0,0,0,0,0,0,1
MYS-MWRLY01-ER01,2025-02-04 02:55:57,Access,9,ERICSSON,1,0,0,1,1,0,0,0,1,0,0,0,0,0,0,1
MYS-MWRLY01-ER01,2025-03-04 22:18:57,Access,9,ERICSSON,1,0,1,2,1,0,0,1,0,0,0,0,0,0,0,1
MYS-MWRLY01-ER01,2025-03-09 14:21:08,Access,9,ERICSSON,1,0,1,2,1,0,0,1,0,0,0,0,0,0,0,1
MYS-MWRLY01-ER01,2025-03-26 10:03:47,Access,9,ERICSSON,1,1,0,3,1,0,1,0,0,0,0,0,0,1,0,1
MYS-MWRLY01-ER01,2025-03-26 10:06:47,Access,9,ERICSSON,3,3,0,9,3,0,1,0,0,0,0,1,1,0,0,1
MYS-MWRLY01-ER01,2025-03-26 10:06:47,Access,9,ERICSSON,3,3,0,9,3,0,1,0,0,0,0,1,1,0,0,1
MYS-MWRLY01-ER01,2025-03-30 07:43:27,Access,9,ERICSSON,1,1,0,3,1,0,1,0,0,0,0,0,0,1,0,1
MYS-MWRLY01-ER01,2025-03-30 07:46:27,Access,9,ERICSSON,3,3,0,9,3,0,1,0,0,0,0,1,1,0,0,1
MYS-MWRLY01-ER01,2025-03-30 07:46:27,Access,9,ERICSSON,3,3,0,9,3,0,1,0,0,0,0,1,1,0,0,1
MYS-MWRLY01-ER01,2025-04-10 06:09:08,Access,9,ERICSSON,1,1,0,3,1,0,1,0,0,0,0,0,0,1,0,1
MYS-MWRLY01-ER01,2025-04-10 06:12:08,Access,9,ERICSSON,3,3,0,9,3,0,1,0,0,0,0,1,1,0,0,1
MYS-MWRLY01-ER01,2025-04-10 06:12:08,Access,9,ERICSSON,3,3,0,9,3,0,1,0,0,0,0,1,1,0,0,1
MYS-MWRLY01-ER01,2025-04-10 21:13:09,Access,9,ERICSSON,1,1,0,3,1,0,0,0,0,0,0,0,1,0,0,1
MYS-MWRLY01-ER01,2025-05-26 14:46:50,Access,9,ERICSSON,1,1,0,3,1,0,1,0,0,0,0,0,0,0,0,1
MYS-MWRLY01-ER01,2025-06-13 06:28:16,Access,9,ERICSSON,1,1,0,3,1,1,0,0,0,0,0,0,0,0,0,1
BLR-AGG02-HW01,2025-01-02 05:29:16,Aggregation,8,HUAWEI,1,0,1,2,1,0,0,0,0,0,1,0,0,0,1,2
BLR-AGG02-HW01,2025-02-21 16:29:09,Aggregation,8,HUAWEI,1,1,0,3,1,1,0,0,0,0,0,0,0,0,1,2
BLR-AGG02-HW01,2025-03-05 14:26:24,Aggregation,8,HUAWEI,1,1,0,3,1,1,0,0,0,0,0,0,0,0,1,2
BLR-AGG02-HW01,2025-03-31 12:53:00,Aggregation,8,HUAWEI,1,1,0,3,1,1,0,0,0,0,0,0,0,0,1,2
BLR-AGG02-HW01,2025-04-14 10:32:02,Aggregation,8,HUAWEI,1,0,1,2,1,0,0,1,0,0,0,0,0,0,1,2
BLR-AGG02-HW01,2025-04-20 09:51:06,Aggregation,8,HUAWEI,1,0,1,2,1,0,0,0,0,0,1,0,0,0,1,2
BLR-AGG02-HW01,2025-05-06 22:11:22,Aggregation,8,HUAWEI,1,0,1,2,1,0,0,0,0,0,1,0,0,0,1,2
BLR-AGG02-HW01,2025-05-14 21:34:01,Aggregation,8,HUAWEI,1,1,0,3,1,0,1,0,0,0,0,0,0,0,1,2
BLR-AGG02-HW01,2025-05-30 01:46:51,Aggregation,8,HUAWEI,1,1,0,3,1,1,0,0,0,0,0,0,0,0,1,2
MGR-METRO01-NK01,2025-01-02 10:20:12,Metro,7,NOKIA,1,1,0,3,1,0,1,0,0,0,0,0,0,0,4,3
MGR-METRO01-NK01,2025-01-11 06:51:55,Metro,7,NOKIA,1,0,1,2,1,0,0,1,0,0,0,0,0,0,4,3
MGR-METRO01-NK01,2025-02-04 23:14:09,Metro,7,NOKIA,1,0,1,2,1,0,0,0,0,0,1,0,0,0,4,3
MGR-METRO01-NK01,2025-03-30 17:11:46,Metro,7,NOKIA,1,0,1,2,1,0,0,1,0,0,0,0,0,0,4,3
MGR-METRO01-NK01,2025-04-24 06:16:47,Metro,7,NOKIA,1,0,1,2,1,0,0,1,0,0,0,0,0,0,4,3
MGR-METRO01-NK01,2025-05-18 12:07:00,Metro,7,NOKIA,1,0,1,2,1,0,0,0,0,0,1,0,0,0,4,3
MGR-ACC01-NK01,2025-01-03 18:33:18,Access,9,NOKIA,1,1,0,3,1,0,0,0,0,0,0,1,0,0,0,3
MGR-ACC01-NK01,2025-01-04 13:53:56,Access,9,NOKIA,1,0,0,1,1,0,0,0,1,0,0,0,0,0,0,3
MGR-ACC01-NK01,2025-01-28 10:03:00,Access,9,NOKIA,1,1,0,3,1,0,1,0,0,0,0,0,0,0,0,3
MGR-ACC01-NK01,2025-02-19 12:21:56,Access,9,NOKIA,1,0,1,2,1,0,0,0,0,0,1,0,0,0,0,3
MGR-ACC01-NK01,2025-03-07 23:03:11,Access,9,NOKIA,1,0,1,2,1,0,0,0,0,0,1,0,0,0,0,3
MGR-ACC01-NK01,2025-03-13 07:39:32,Access,9,NOKIA,1,1,0,3,1,0,0,0,0,0,0,1,0,0,0,3
MGR-ACC01-NK01,2025-04-02 20:38:44,Access,9,NOKIA,1,0,1,2,1,0,0,1,0,0,0,0,0,0,0,3
MGR-ACC01-NK01,2025-04-30 06:32:07,Access,9,NOKIA,1,0,1,2,1,0,0,1,0,0,0,0,0,0,0,3
MGR-ACC01-NK01,2025-05-14 00:38:47,Access,9,NOKIA,1,0,1,2,1,0,0,0,0,0,1,0,0,0,0,3
MGR-ACC01-NK01,2025-06-13 08:42:26,Access,9,NOKIA,1,0,1,2,1,0,0,1,0,0,0,0,0,0,0,3
MGR-ACC01-NK01,2025-06-23 08:11:32,Access,9,NOKIA,1,0,0,1,1,0,0,0,0,1,0,0,0,0,0,3
HBL-MWRLY02-ER01,2025-01-05 20:46:24,Access,9,ERICSSON,1,0,1,2,1,0,0,1,0,0,0,0,0,1,0,1
HBL-MWRLY02-ER01,2025-01-05 20:49:24,Access,9,ERICSSON,2,0,2,4,2,0,0,1,0,0,1,0,0,1,0,1
HBL-MWRLY02-ER01,2025-01-05 20:54:24,Access,9,ERICSSON,3,1,2,7,3,1,0,1,0,0,1,0,0,0,0,1
HBL-MWRLY02-ER01,2025-01-08 15:14:30,Access,9,ERICSSON,1,1,0,3,1,0,0,0,0,0,0,0,1,0,0,1
HBL-MWRLY02-ER01,2025-01-16 10:04:09,Access,9,ERICSSON,1,0,1,2,1,0,0,1,0,0,0,0,0,1,0,1
HBL-MWRLY02-ER01,2025-01-16 10:07:09,Access,9,ERICSSON,2,0,2,4,2,0,0,1,0,0,1,0,0,1,0,1
HBL-MWRLY02-ER01,2025-01-16 10:12:09,Access,9,ERICSSON,3,1,2,7,3,1,0,1,0,0,1,0,0,0,0,1
HBL-MWRLY02-ER01,2025-02-12 20:33:43,Access,9,ERICSSON,1,1,0,3,1,0,0,0,0,0,0,1,0,0,0,1
HBL-MWRLY02-ER01,2025-02-24 13:52:32,Access,9,ERICSSON,1,1,0,3,1,0,1,0,0,0,0,0,0,0,0,1
HBL-MWRLY02-ER01,2025-03-23 23:15:16,Access,9,ERICSSON,1,1,0,3,1,0,1,0,0,0,0,0,0,1,0,1
HBL-MWRLY02-ER01,2025-03-23 23:18:16,Access,9,ERICSSON,3,3,0,9,3,0,1,0,0,0,0,1,1,0,0,1
HBL-MWRLY02-ER01,2025-03-23 23:18:16,Access,9,ERICSSON,3,3,0,9,3,0,1,0,0,0,0,1,1,0,0,1
HBL-MWRLY02-ER01,2025-04-10 22:26:46,Access,9,ERICSSON,1,0,0,1,1,0,0,0,1,0,0,0,0,0,0,1
HBL-MWRLY02-ER01,2025-04-18 12:40:06,Access,9,ERICSSON,1,0,1,2,1,0,0,1,0,0,0,0,0,0,0,1
HBL-MWRLY02-ER01,2025-04-22 00:36:01,Access,9,ERICSSON,1,0,0,1,1,0,0,0,1,0,0,0,0,0,0,1
HBL-MWRLY02-ER01,2025-05-21 23:57:50,Access,9,ERICSSON,1,1,0,3,1,0,1,0,0,0,0,0,0,1,0,1
HBL-MWRLY02-ER01,2025-05-22 00:00:50,Access,9,ERICSSON,3,3,0,9,3,0,1,0,0,0,0,1,1,0,0,1
HBL-MWRLY02-ER01,2025-05-22 00:00:50,Access,9,ERICSSON,3,3,0,9,3,0,1,0,0,0,0,1,1,0,0,1
HBL-MWRLY02-ER01,2025-06-11 10:46:40,Access,9,ERICSSON,1,0,1,2,1,0,0,0,0,0,1,0,0,0,0,1
HBL-MWRLY02-ER01,2025-06-26 09:11:45,Access,9,ERICSSON,1,0,1,2,1,0,0,1,0,0,0,0,0,0,0,1
HBL-MWRLY02-ER01,2025-06-29 10:39:48,Access,9,ERICSSON,1,0,1,2,1,0,0,1,0,0,0,0,0,1,0,1
HBL-MWRLY02-ER01,2025-06-29 10:42:48,Access,9,ERICSSON,2,0,2,4,2,0,0,1,0,0,1,0,0,1,0,1
HBL-MWRLY02-ER01,2025-06-29 10:47:48,Access,9,ERICSSON,3,1,2,7,3,1,0,1,0,0,1,0,0,0,0,1
MYS-ACC05-HW01,2025-01-06 00:38:37,Access,9,HUAWEI,1,1,0,3,1,0,0,0,0,0,0,1,0,0,0,2
MYS-ACC05-HW01,2025-02-13 04:41:14,Access,9,HUAWEI,1,0,0,1,1,0,0,0,0,1,0,0,0,0,0,2
MYS-ACC05-HW01,2025-04-07 06:38:23,Access,9,HUAWEI,1,1,0,3,1,0,1,0,0,0,0,0,0,1,0,2
MYS-ACC05-HW01,2025-04-07 06:41:23,Access,9,HUAWEI,3,3,0,9,3,0,1,0,0,0,0,1,1,0,0,2
MYS-ACC05-HW01,2025-04-07 06:41:23,Access,9,HUAWEI,3,3,0,9,3,0,1,0,0,0,0,1,1,0,0,2
MYS-ACC05-HW01,2025-04-29 16:57:12,Access,9,HUAWEI,1,0,0,1,1,0,0,0,1,0,0,0,0,0,0,2
MYS-ACC05-HW01,2025-06-07 13:33:06,Access,9,HUAWEI,1,0,0,1,1,0,0,0,1,0,0,0,0,0,0,2
MYS-ACC05-HW01,2025-06-23 19:28:43,Access,9,HUAWEI,1,1,0,3,1,1,0,0,0,0,0,0,0,0,0,2
OLA_BLR_MYS_01,2025-01-06 03:51:20,DWDM,7,NOKIA,1,0,1,2,1,0,0,0,0,0,0,0,0,0,3,3
OLA_BLR_MYS_01,2025-03-03 16:02:08,DWDM,7,NOKIA,1,1,0,3,1,1,0,0,0,0,0,0,0,0,3,3
OLA_BLR_MYS_01,2025-04-06 23:54:25,DWDM,7,NOKIA,1,0,1,2,1,0,0,0,0,0,0,0,0,0,3,3
OLA_BLR_MYS_01,2025-05-22 06:42:40,DWDM,7,NOKIA,1,0,1,2,1,0,0,0,0,0,0,0,0,0,3,3
OLA_BLR_MYS_01,2025-06-03 15:13:54,DWDM,7,NOKIA,1,1,0,3,1,1,0,0,0,0,0,0,0,0,3,3
OLA_BLR_MYS_01,2025-06-30 14:11:12,DWDM,7,NOKIA,1,1,0,3,1,0,0,0,0,0,0,0,0,0,3,3
MGR-AGG02-NK01,2025-01-06 22:18:31,Aggregation,8,NOKIA,1,1,0,3,1,1,0,0,0,0,0,0,0,0,1,3
MGR-AGG02-NK01,2025-01-10 10:44:59,Aggregation,8,NOKIA,1,1,0,3,1,0,1,0,0,0,0,0,0,0,1,3
MGR-AGG02-NK01,2025-01-27 22:43:01,Aggregation,8,NOKIA,1,0,1,2,1,0,0,1,0,0,0,0,0,0,1,3
MGR-AGG02-NK01,2025-02-25 22:10:47,Aggregation,8,NOKIA,1,0,0,1,1,0,0,0,1,0,0,0,0,0,1,3
MGR-AGG02-NK01,2025-03-08 05:18:06,Aggregation,8,NOKIA,1,0,0,1,1,0,0,0,1,0,0,0,0,0,1,3
MGR-AGG02-NK01,2025-06-04 19:33:14,Aggregation,8,NOKIA,1,1,0,3,1,0,1,0,0,0,0,0,0,0,1,3
MGR-AGG02-NK01,2025-06-26 09:42:52,Aggregation,8,NOKIA,1,0,0,1,1,0,0,0,1,0,0,0,0,0,1,3
HBL-ACC05-ER01,2025-01-06 22:20:31,Access,9,ERICSSON,1,1,0,3,1,0,1,0,0,0,0,0,0,1,0,1
HBL-ACC05-ER01,2025-01-06 22:23:31,Access,9,ERICSSON,3,3,0,9,3,0,1,0,0,0,0,1,1,0,0,1
HBL-ACC05-ER01,2025-01-06 22:23:31,Access,9,ERICSSON,3,3,0,9,3,0,1,0,0,0,0,1,1,0,0,1
HBL-ACC05-ER01,2025-02-17 04:55:58,Access,9,ERICSSON,1,0,0,1,1,0,0,0,0,1,0,0,0,0,0,1
HBL-ACC05-ER01,2025-02-19 03:55:50,Access,9,ERICSSON,1,1,0,3,1,0,0,0,0,0,0,1,0,0,0,1
HBL-ACC05-ER01,2025-03-24 09:24:17,Access,9,ERICSSON,1,1,0,3,1,0,1,0,0,0,0,0,0,0,0,1
HBL-ACC05-ER01,2025-03-26 01:12:42,Access,9,ERICSSON,1,0,0,1,1,0,0,0,0,1,0,0,0,0,0,1
HBL-ACC05-ER01,2025-04-06 06:37:46,Access,9,ERICSSON,1,0,1,2,1,0,0,1,0,0,0,0,0,0,0,1
HBL-ACC05-ER01,2025-05-03 00:12:14,Access,9,ERICSSON,1,0,0,1,1,0,0,0,0,1,0,0,0,0,0,1
HBL-ACC05-ER01,2025-06-25 07:36:25,Access,9,ERICSSON,1,1,0,3,1,1,0,0,0,0,0,0,0,0,0,1
MYS-ACC01-HW01,2025-01-06 22:20:31,Access,9,HUAWEI,1,1,0,3,1,0,1,0,0,0,0,0,0,1,0,2
MYS-ACC01-HW01,2025-01-06 22:23:31,Access,9,HUAWEI,3,3,0,9,3,0,1,0,0,0,0,1,1,0,0,2
MYS-ACC01-HW01,2025-01-06 22:23:31,Access,9,HUAWEI,3,3,0,9,3,0,1,0,0,0,0,1,1,0,0,2
MYS-ACC01-HW01,2025-01-09 06:38:55,Access,9,HUAWEI,1,0,0,1,1,0,0,0,0,1,0,0,0,0,0,2
MYS-ACC01-HW01,2025-01-16 04:18:41,Access,9,HUAWEI,1,0,1,2,1,0,0,1,0,0,0,0,0,0,0,2
MYS-ACC01-HW01,2025-01-20 17:15:29,Access,9,HUAWEI,1,0,1,2,1,0,0,1,0,0,0,0,0,0,0,2
MYS-ACC01-HW01,2025-01-21 13:40:05,Access,9,HUAWEI,1,0,0,1,1,0,0,0,0,1,0,0,0,0,0,2
MYS-ACC01-HW01,2025-02-25 11:08:02,Access,9,HUAWEI,1,1,0,3,1,0,0,0,0,0,0,0,1,0,0,2
MYS-ACC01-HW01,2025-02-25 23:16:28,Access,9,HUAWEI,1,0,0,1,1,0,0,0,0,1,0,0,0,0,0,2
MYS-ACC01-HW01,2025-04-08 14:36:55,Access,9,HUAWEI,1,1,0,3,1,0,1,0,0,0,0,0,0,0,0,2
MYS-ACC01-HW01,2025-04-10 06:09:08,Access,9,HUAWEI,1,1,0,3,1,0,1,0,0,0,0,0,0,1,0,2
MYS-ACC01-HW01,2025-04-10 06:12:08,Access,9,HUAWEI,3,3,0,9,3,0,1,0,0,0,0,1,1,0,0,2
MYS-ACC01-HW01,2025-04-10 06:12:08,Access,9,HUAWEI,3,3,0,9,3,0,1,0,0,0,0,1,1,0,0,2
MYS-ACC01-HW01,2025-04-26 22:38:57,Access,9,HUAWEI,1,0,0,1,1,0,0,0,1,0,0,0,0,0,0,2
MYS-ACC01-HW01,2025-06-26 04:30:28,Access,9,HUAWEI,1,1,0,3,1,0,0,0,0,0,0,0,1,0,0,2
HBL-ACC04-NK01,2025-01-06 22:20:31,Access,9,NOKIA,1,1,0,3,1,0,1,0,0,0,0,0,0,1,0,3
HBL-ACC04-NK01,2025-01-06 22:23:31,Access,9,NOKIA,3,3,0,9,3,0,1,0,0,0,0,1,1,0,0,3
HBL-ACC04-NK01,2025-01-06 22:23:31,Access,9,NOKIA,3,3,0,9,3,0,1,0,0,0,0,1,1,0,0,3
HBL-ACC04-NK01,2025-03-30 07:43:27,Access,9,NOKIA,1,1,0,3,1,0,1,0,0,0,0,0,0,1,0,3
HBL-ACC04-NK01,2025-03-30 07:46:27,Access,9,NOKIA,3,3,0,9,3,0,1,0,0,0,0,1,1,0,0,3
HBL-ACC04-NK01,2025-03-30 07:46:27,Access,9,NOKIA,3,3,0,9,3,0,1,0,0,0,0,1,1,0,0,3
HBL-ACC04-NK01,2025-03-31 12:55:00,Access,9,NOKIA,1,1,0,3,1,0,1,0,0,0,0,0,0,1,0,3
HBL-ACC04-NK01,2025-03-31 12:58:00,Access,9,NOKIA,3,3,0,9,3,0,1,0,0,0,0,1,1,0,0,3
HBL-ACC04-NK01,2025-03-31 12:58:00,Access,9,NOKIA,3,3,0,9,3,0,1,0,0,0,0,1,1,0,0,3
HBL-ACC04-NK01,2025-04-08 10:08:33,Access,9,NOKIA,1,1,0,3,1,1,0,0,0,0,0,0,0,0,0,3
HBL-ACC04-NK01,2025-04-10 06:09:08,Access,9,NOKIA,1,1,0,3,1,0,1,0,0,0,0,0,0,1,0,3
HBL-ACC04-NK01,2025-04-10 06:12:08,Access,9,NOKIA,3,3,0,9,3,0,1,0,0,0,0,1,1,0,0,3
HBL-ACC04-NK01,2025-04-10 06:12:08,Access,9,NOKIA,3,3,0,9,3,0,1,0,0,0,0,1,1,0,0,3
HBL-ACC04-NK01,2025-04-27 18:55:37,Access,9,NOKIA,1,0,0,1,1,0,0,0,1,0,0,0,0,0,0,3
HBL-ACC04-NK01,2025-05-21 23:57:50,Access,9,NOKIA,1,1,0,3,1,0,1,0,0,0,0,0,0,1,0,3
HBL-ACC04-NK01,2025-05-22 00:00:50,Access,9,NOKIA,3,3,0,9,3,0,1,0,0,0,0,1,1,0,0,3
HBL-ACC04-NK01,2025-05-22 00:00:50,Access,9,NOKIA,3,3,0,9,3,0,1,0,0,0,0,1,1,0,0,3
HBL-ACC04-NK01,2025-06-04 16:04:14,Access,9,NOKIA,1,1,0,3,1,0,0,0,0,0,0,0,1,0,0,3
BLR-ACC02-HW01,2025-01-06 22:20:31,Access,9,HUAWEI,1,1,0,3,1,0,1,0,0,0,0,0,0,1,0,2
BLR-ACC02-HW01,2025-01-06 22:23:31,Access,9,HUAWEI,3,3,0,9,3,0,1,0,0,0,0,1,1,0,0,2
BLR-ACC02-HW01,2025-01-06 22:23:31,Access,9,HUAWEI,3,3,0,9,3,0,1,0,0,0,0,1,1,0,0,2
BLR-ACC02-HW01,2025-01-19 05:37:14,Access,9,HUAWEI,1,0,1,2,1,0,0,0,0,0,1,0,0,0,0,2
BLR-ACC02-HW01,2025-02-21 19:11:14,Access,9,HUAWEI,1,0,0,1,1,0,0,0,0,1,0,0,0,0,0,2
BLR-ACC02-HW01,2025-03-03 08:20:49,Access,9,HUAWEI,1,0,0,1,1,0,0,0,1,0,0,0,0,0,0,2
BLR-ACC02-HW01,2025-04-25 09:24:29,Access,9,HUAWEI,1,1,0,3,1,0,1,0,0,0,0,0,0,0,0,2
BLR-ACC02-HW01,2025-05-20 17:24:23,Access,9,HUAWEI,1,0,0,1,1,0,0,0,0,1,0,0,0,0,0,2
BLR-ACC02-HW01,2025-06-04 19:32:59,Access,9,HUAWEI,1,1,0,3,1,0,1,0,0,0,0,0,0,1,0,2
BLR-ACC02-HW01,2025-06-04 19:35:59,Access,9,HUAWEI,3,3,0,9,3,0,1,0,0,0,0,1,1,0,0,2
BLR-ACC02-HW01,2025-06-04 19:35:59,Access,9,HUAWEI,3,3,0,9,3,0,1,0,0,0,0,1,1,0,0,2
HBL-AGG01-HW01,2025-01-06 23:52:02,Aggregation,8,HUAWEI,1,0,1,2,1,0,0,0,0,0,1,0,0,0,1,2
HBL-AGG01-HW01,2025-01-15 20:47:11,Aggregation,8,HUAWEI,1,1,0,3,1,1,0,0,0,0,0,0,0,0,1,2
HBL-AGG01-HW01,2025-01-21 14:26:58,Aggregation,8,HUAWEI,1,1,0,3,1,0,1,0,0,0,0,0,0,0,1,2
HBL-AGG01-HW01,2025-02-15 13:09:59,Aggregation,8,HUAWEI,1,0,0,1,1,0,0,0,1,0,0,0,0,0,1,2
HBL-AGG01-HW01,2025-02-18 10:32:08,Aggregation,8,HUAWEI,1,0,0,1,1,0,0,0,1,0,0,0,0,0,1,2
HBL-AGG01-HW01,2025-03-14 12:11:42,Aggregation,8,HUAWEI,1,1,0,3,1,1,0,0,0,0,0,0,0,0,1,2
HBL-AGG01-HW01,2025-03-23 23:13:16,Aggregation,8,HUAWEI,1,1,0,3,1,1,0,0,0,0,0,0,0,0,1,2
HBL-AGG01-HW01,2025-06-22 18:12:49,Aggregation,8,HUAWEI,1,1,0,3,1,0,1,0,0,0,0,0,0,0,1,2
HBL-AGG01-HW01,2025-06-23 21:38:55,Aggregation,8,HUAWEI,1,1,0,3,1,0,1,0,0,0,0,0,0,0,1,2
MGR-MWRLY01-ER01,2025-01-07 09:52:54,Access,9,ERICSSON,1,0,1,2,1,0,0,1,0,0,0,0,0,1,0,1
MGR-MWRLY01-ER01,2025-01-07 09:55:54,Access,9,ERICSSON,2,0,2,4,2,0,0,1,0,0,1,0,0,1,0,1
MGR-MWRLY01-ER01,2025-01-07 10:00:54,Access,9,ERICSSON,3,1,2,7,3,1,0,1,0,0,1,0,0,0,0,1
MGR-MWRLY01-ER01,2025-01-22 22:33:43,Access,9,ERICSSON,1,1,0,3,1,0,0,0,0,0,0,0,1,0,0,1
MGR-MWRLY01-ER01,2025-02-13 10:23:43,Access,9,ERICSSON,1,0,1,2,1,0,0,0,0,0,1,0,0,0,0,1
MGR-MWRLY01-ER01,2025-02-16 07:45:27,Access,9,ERICSSON,1,1,0,3,1,0,1,0,0,0,0,0,0,0,0,1
MGR-MWRLY01-ER01,2025-04-01 04:11:53,Access,9,ERICSSON,1,0,0,1,1,0,0,0,1,0,0,0,0,0,0,1
MGR-MWRLY01-ER01,2025-04-06 07:49:46,Access,9,ERICSSON,1,0,0,1,1,0,0,0,0,1,0,0,0,0,0,1
MGR-MWRLY01-ER01,2025-04-13 05:25:06,Access,9,ERICSSON,1,0,0,1,1,0,0,0,1,0,0,0,0,0,0,1
MGR-MWRLY01-ER01,2025-06-17 15:55:36,Access,9,ERICSSON,1,0,1,2,1,0,0,1,0,0,0,0,0,1,0,1
MGR-MWRLY01-ER01,2025-06-17 15:58:36,Access,9,ERICSSON,2,0,2,4,2,0,0,1,0,0,1,0,0,1,0,1
MGR-MWRLY01-ER01,2025-06-17 16:03:36,Access,9,ERICSSON,3,1,2,7,3,1,0,1,0,0,1,0,0,0,0,1
MGR-ACC02-ER01,2025-01-09 03:03:20,Access,9,ERICSSON,1,1,0,3,1,0,1,0,0,0,0,0,0,0,0,1
MGR-ACC02-ER01,2025-02-02 04:09:34,Access,9,ERICSSON,1,0,0,1,1,0,0,0,1,0,0,0,0,0,0,1
MGR-ACC02-ER01,2025-03-25 16:16:56,Access,9,ERICSSON,1,0,0,1,1,0,0,0,1,0,0,0,0,0,0,1
MGR-ACC02-ER01,2025-06-02 19:19:34,Access,9,ERICSSON,1,0,1,2,1,0,0,0,0,0,1,0,0,0,0,1
MGR-ACC02-ER01,2025-06-04 19:32:59,Access,9,ERICSSON,1,1,0,3,1,0,1,0,0,0,0,0,0,1,0,1
MGR-ACC02-ER01,2025-06-04 19:35:59,Access,9,ERICSSON,3,3,0,9,3,0,1,0,0,0,0,1,1,0,0,1
MGR-ACC02-ER01,2025-06-04 19:35:59,Access,9,ERICSSON,3,3,0,9,3,0,1,0,0,0,0,1,1,0,0,1
MGR-ACC02-ER01,2025-06-12 00:37:20,Access,9,ERICSSON,1,1,0,3,1,0,0,0,0,0,0,1,0,0,0,1
HBL-CORE01-CS01,2025-01-10 06:14:38,Core,6,CISCO,1,0,0,1,1,0,0,0,1,0,0,0,0,0,2,0
HBL-CORE01-CS01,2025-01-18 18:00:03,Core,6,CISCO,1,1,0,3,1,1,0,0,0,0,0,0,0,0,2,0
HBL-CORE01-CS01,2025-02-25 10:29:50,Core,6,CISCO,1,0,0,1,1,0,0,0,0,0,0,0,0,0,2,0
HBL-CORE01-CS01,2025-02-25 21:12:02,Core,6,CISCO,1,0,0,1,1,0,0,0,0,0,0,0,0,0,2,0
HBL-CORE01-CS01,2025-04-12 00:19:10,Core,6,CISCO,1,0,1,2,1,0,0,1,0,0,0,0,0,0,2,0
HBL-CORE01-CS01,2025-04-16 17:25:57,Core,6,CISCO,1,0,0,1,1,0,0,0,1,0,0,0,0,0,2,0
HBL-AGG03-NK01,2025-01-11 08:35:00,Aggregation,8,NOKIA,1,1,0,3,1,0,1,0,0,0,0,0,0,0,1,3
HBL-AGG03-NK01,2025-02-20 04:56:50,Aggregation,8,NOKIA,1,1,0,3,1,1,0,0,0,0,0,0,0,0,1,3
HBL-AGG03-NK01,2025-03-09 12:10:38,Aggregation,8,NOKIA,1,0,0,1,1,0,0,0,0,0,0,0,0,0,1,3
HBL-AGG03-NK01,2025-04-02 12:10:56,Aggregation,8,NOKIA,1,1,0,3,1,0,1,0,0,0,0,0,0,0,1,3
HBL-AGG03-NK01,2025-06-02 18:00:59,Aggregation,8,NOKIA,1,0,0,1,1,0,0,0,0,0,0,0,0,0,1,3
HBL-AGG03-NK01,2025-06-04 19:30:59,Aggregation,8,NOKIA,1,1,0,3,1,1,0,0,0,0,0,0,0,0,1,3
HBL-METRO01-NK01,2025-01-12 02:34:20,Metro,7,NOKIA,1,0,1,2,1,0,0,0,0,0,1,0,0,0,4,3
HBL-METRO01-NK01,2025-01-13 12:02:03,Metro,7,NOKIA,1,0,1,2,1,0,0,1,0,0,0,0,0,0,4,3
HBL-METRO01-NK01,2025-03-06 00:22:45,Metro,7,NOKIA,1,0,0,1,1,0,0,0,1,0,0,0,0,0,4,3
HBL-METRO01-NK01,2025-03-22 17:20:12,Metro,7,NOKIA,1,1,0,3,1,1,0,0,0,0,0,0,0,0,4,3
HBL-METRO01-NK01,2025-06-06 02:23:32,Metro,7,NOKIA,1,0,1,2,1,0,0,0,0,0,1,0,0,0,4,3
HBL-METRO01-NK01,2025-06-18 12:45:17,Metro,7,NOKIA,1,1,0,3,1,0,1,0,0,0,0,0,0,0,4,3
HBL-METRO01-NK01,2025-06-29 21:50:49,Metro,7,NOKIA,1,1,0,3,1,0,0,0,0,0,0,0,0,0,4,3
BLR-AGG03-HW01,2025-01-14 04:35:16,Aggregation,8,HUAWEI,1,0,0,1,1,0,0,0,1,0,0,0,0,0,1,2
BLR-AGG03-HW01,2025-02-08 22:43:01,Aggregation,8,HUAWEI,1,0,1,2,1,0,0,0,0,0,1,0,0,0,1,2
BLR-AGG03-HW01,2025-03-05 12:10:15,Aggregation,8,HUAWEI,1,0,0,1,1,0,0,0,0,0,0,0,0,0,1,2
BLR-AGG03-HW01,2025-03-05 23:53:37,Aggregation,8,HUAWEI,1,1,0,3,1,0,1,0,0,0,0,0,0,0,1,2
BLR-AGG03-HW01,2025-03-16 05:53:28,Aggregation,8,HUAWEI,1,0,1,2,1,0,0,0,0,0,1,0,0,0,1,2
BLR-AGG03-HW01,2025-05-03 01:19:13,Aggregation,8,HUAWEI,1,0,1,2,1,0,0,0,0,0,1,0,0,0,1,2
BLR-AGG03-HW01,2025-06-08 08:48:04,Aggregation,8,HUAWEI,1,0,1,2,1,0,0,1,0,0,0,0,0,0,1,2
BLR-AGG03-HW01,2025-06-29 01:07:41,Aggregation,8,HUAWEI,1,1,0,3,1,1,0,0,0,0,0,0,0,0,1,2
MYS-ACC04-HW01,2025-01-14 06:15:41,Access,9,HUAWEI,1,0,0,1,1,0,0,0,0,1,0,0,0,0,0,2
MYS-ACC04-HW01,2025-01-17 01:14:17,Access,9,HUAWEI,1,1,0,3,1,0,1,0,0,0,0,0,0,0,0,2
MYS-ACC04-HW01,2025-02-25 05:45:49,Access,9,HUAWEI,1,0,1,2,1,0,0,1,0,0,0,0,0,0,0,2
MYS-ACC04-HW01,2025-03-05 14:28:24,Access,9,HUAWEI,1,1,0,3,1,0,1,0,0,0,0,0,0,1,0,2
MYS-ACC04-HW01,2025-03-05 14:31:24,Access,9,HUAWEI,3,3,0,9,3,0,1,0,0,0,0,1,1,0,0,2
MYS-ACC04-HW01,2025-03-05 14:31:24,Access,9,HUAWEI,3,3,0,9,3,0,1,0,0,0,0,1,1,0,0,2
MYS-ACC04-HW01,2025-03-06 23:10:48,Access,9,HUAWEI,1,1,0,3,1,0,0,0,0,0,0,1,0,0,0,2
MYS-ACC04-HW01,2025-03-09 09:27:47,Access,9,HUAWEI,1,0,1,2,1,0,0,1,0,0,0,0,0,0,0,2
MYS-ACC04-HW01,2025-03-30 07:43:27,Access,9,HUAWEI,1,1,0,3,1,0,1,0,0,0,0,0,0,1,0,2
MYS-ACC04-HW01,2025-03-30 07:46:27,Access,9,HUAWEI,3,3,0,9,3,0,1,0,0,0,0,1,1,0,0,2
MYS-ACC04-HW01,2025-03-30 07:46:27,Access,9,HUAWEI,3,3,0,9,3,0,1,0,0,0,0,1,1,0,0,2
MYS-ACC04-HW01,2025-06-24 17:14:58,Access,9,HUAWEI,1,1,0,3,1,0,1,0,0,0,0,0,0,1,0,2
MYS-ACC04-HW01,2025-06-24 17:17:58,Access,9,HUAWEI,3,3,0,9,3,0,1,0,0,0,0,1,1,0,0,2
MYS-ACC04-HW01,2025-06-24 17:17:58,Access,9,HUAWEI,3,3,0,9,3,0,1,0,0,0,0,1,1,0,0,2
HBL-ACC02-ER01,2025-01-15 13:19:23,Access,9,ERICSSON,1,1,0,3,1,1,0,0,0,0,0,0,0,0,0,1
HBL-ACC02-ER01,2025-01-19 10:50:59,Access,9,ERICSSON,1,1,0,3,1,1,0,0,0,0,0,0,0,0,0,1
HBL-ACC02-ER01,2025-01-21 07:13:53,Access,9,ERICSSON,1,1,0,3,1,0,0,0,0,0,0,1,0,0,0,1
HBL-ACC02-ER01,2025-01-31 03:07:29,Access,9,ERICSSON,1,0,0,1,1,0,0,0,0,1,0,0,0,0,0,1
HBL-ACC02-ER01,2025-02-08 00:59:41,Access,9,ERICSSON,1,0,0,1,1,0,0,0,0,1,0,0,0,0,0,1
HBL-ACC02-ER01,2025-03-03 21:16:44,Access,9,ERICSSON,1,1,0,3,1,0,0,0,0,0,0,1,0,0,0,1
HBL-ACC02-ER01,2025-03-23 23:15:16,Access,9,ERICSSON,1,1,0,3,1,0,1,0,0,0,0,0,0,1,0,1
HBL-ACC02-ER01,2025-03-23 23:18:16,Access,9,ERICSSON,3,3,0,9,3,0,1,0,0,0,0,1,1,0,0,1
HBL-ACC02-ER01,2025-03-23 23:18:16,Access,9,ERICSSON,3,3,0,9,3,0,1,0,0,0,0,1,1,0,0,1
HBL-ACC02-ER01,2025-03-28 06:24:25,Access,9,ERICSSON,1,1,0,3,1,1,0,0,0,0,0,0,0,0,0,1
HBL-ACC02-ER01,2025-05-05 20:07:38,Access,9,ERICSSON,1,1,0,3,1,0,0,0,0,0,0,1,0,0,0,1
HBL-ACC02-ER01,2025-05-13 08:45:01,Access,9,ERICSSON,1,0,0,1,1,0,0,0,1,0,0,0,0,0,0,1
HBL-ACC02-ER01,2025-06-04 19:32:59,Access,9,ERICSSON,1,1,0,3,1,0,1,0,0,0,0,0,0,1,0,1
HBL-ACC02-ER01,2025-06-04 19:35:59,Access,9,ERICSSON,3,3,0,9,3,0,1,0,0,0,0,1,1,0,0,1
HBL-ACC02-ER01,2025-06-04 19:35:59,Access,9,ERICSSON,3,3,0,9,3,0,1,0,0,0,0,1,1,0,0,1
HBL-ACC01-HW01,2025-01-15 20:49:11,Access,9,HUAWEI,1,1,0,3,1,0,1,0,0,0,0,0,0,1,0,2
HBL-ACC01-HW01,2025-01-15 20:52:11,Access,9,HUAWEI,3,3,0,9,3,0,1,0,0,0,0,1,1,0,0,2
HBL-ACC01-HW01,2025-01-15 20:52:11,Access,9,HUAWEI,3,3,0,9,3,0,1,0,0,0,0,1,1,0,0,2
HBL-ACC01-HW01,2025-06-07 04:48:06,Access,9,HUAWEI,1,0,1,2,1,0,0,1,0,0,0,0,0,0,0,2
HBL-ACC01-HW01,2025-06-12 04:55:26,Access,9,HUAWEI,1,0,0,1,1,0,0,0,1,0,0,0,0,0,0,2
HBL-ACC01-HW01,2025-06-26 19:03:32,Access,9,HUAWEI,1,0,1,2,1,0,0,1,0,0,0,0,0,0,0,2
MGR-MWRLY02-ER01,2025-01-15 20:49:11,Access,9,ERICSSON,1,1,0,3,1,0,1,0,0,0,0,0,0,1,0,1
MGR-MWRLY02-ER01,2025-01-15 20:52:11,Access,9,ERICSSON,3,3,0,9,3,0,1,0,0,0,0,1,1,0,0,1
MGR-MWRLY02-ER01,2025-01-15 20:52:11,Access,9,ERICSSON,3,3,0,9,3,0,1,0,0,0,0,1,1,0,0,1
MGR-MWRLY02-ER01,2025-03-02 07:33:14,Access,9,ERICSSON,1,0,0,1,1,0,0,0,1,0,0,0,0,0,0,1
MGR-MWRLY02-ER01,2025-03-15 12:49:13,Access,9,ERICSSON,1,0,0,1,1,0,0,0,1,0,0,0,0,0,0,1
MGR-MWRLY02-ER01,2025-04-25 07:56:48,Access,9,ERICSSON,1,1,0,3,1,0,1,0,0,0,0,0,0,0,0,1
MGR-MWRLY02-ER01,2025-06-03 21:26:10,Access,9,ERICSSON,1,0,1,2,1,0,0,1,0,0,0,0,0,1,0,1
MGR-MWRLY02-ER01,2025-06-03 21:29:10,Access,9,ERICSSON,2,0,2,4,2,0,0,1,0,0,1,0,0,1,0,1
MGR-MWRLY02-ER01,2025-06-03 21:34:10,Access,9,ERICSSON,3,1,2,7,3,1,0,1,0,0,1,0,0,0,0,1
MYS-CORE01-CS01,2025-01-16 04:02:19,Core,6,CISCO,1,0,0,1,1,0,0,0,0,0,0,0,0,0,2,0
MYS-CORE01-CS01,2025-03-19 07:36:44,Core,6,CISCO,1,0,0,1,1,0,0,0,1,0,0,0,0,0,2,0
MYS-CORE01-CS01,2025-03-28 08:07:04,Core,6,CISCO,1,1,0,3,1,0,0,0,0,0,0,0,0,0,2,0
MYS-CORE01-CS01,2025-04-06 22:58:59,Core,6,CISCO,1,0,1,2,1,0,0,0,0,0,1,0,0,0,2,0
MYS-CORE01-CS01,2025-04-25 08:45:23,Core,6,CISCO,1,0,1,2,1,0,0,0,0,0,1,0,0,0,2,0
MYS-CORE01-CS01,2025-04-28 08:01:54,Core,6,CISCO,1,0,1,2,1,0,0,1,0,0,0,0,0,0,2,0
MYS-CORE01-CS01,2025-05-11 17:16:09,Core,6,CISCO,1,0,1,2,1,0,0,1,0,0,0,0,0,0,2,0
MYS-CORE01-CS01,2025-05-18 19:05:21,Core,6,CISCO,1,1,0,3,1,0,0,0,0,0,0,0,0,0,2,0
BLR-MWRLY02-ER01,2025-01-17 00:53:13,Access,9,ERICSSON,1,1,0,3,1,1,0,0,0,0,0,0,0,0,0,1
BLR-MWRLY02-ER01,2025-02-01 23:01:18,Access,9,ERICSSON,1,0,0,1,1,0,0,0,0,1,0,0,0,0,0,1
BLR-MWRLY02-ER01,2025-02-02 19:34:17,Access,9,ERICSSON,1,0,0,1,1,0,0,0,0,1,0,0,0,0,0,1
BLR-MWRLY02-ER01,2025-02-28 06:07:31,Access,9,ERICSSON,1,0,0,1,1,0,0,0,0,1,0,0,0,0,0,1
BLR-MWRLY02-ER01,2025-03-31 12:55:00,Access,9,ERICSSON,1,1,0,3,1,0,1,0,0,0,0,0,0,1,0,1
BLR-MWRLY02-ER01,2025-03-31 12:58:00,Access,9,ERICSSON,3,3,0,9,3,0,1,0,0,0,0,1,1,0,0,1
BLR-MWRLY02-ER01,2025-03-31 12:58:00,Access,9,ERICSSON,3,3,0,9,3,0,1,0,0,0,0,1,1,0,0,1
BLR-MWRLY02-ER01,2025-04-17 09:47:20,Access,9,ERICSSON,1,1,0,3,1,0,1,0,0,0,0,0,0,1,0,1
BLR-MWRLY02-ER01,2025-04-17 09:50:20,Access,9,ERICSSON,3,3,0,9,3,0,1,0,0,0,0,1,1,0,0,1
BLR-MWRLY02-ER01,2025-04-17 09:50:20,Access,9,ERICSSON,3,3,0,9,3,0,1,0,0,0,0,1,1,0,0,1
BLR-MWRLY02-ER01,2025-04-25 08:32:16,Access,9,ERICSSON,1,1,0,3,1,0,0,0,0,0,0,1,0,0,0,1
BLR-MWRLY02-ER01,2025-05-04 01:58:57,Access,9,ERICSSON,1,0,0,1,1,0,0,0,1,0,0,0,0,0,0,1
BLR-MWRLY02-ER01,2025-05-18 11:59:48,Access,9,ERICSSON,1,0,1,2,1,0,0,0,0,0,1,0,0,0,0,1
BLR-ACC06-ER01,2025-01-17 12:11:30,Access,9,ERICSSON,1,1,0,3,1,0,0,0,0,0,0,0,1,0,0,1
BLR-ACC06-ER01,2025-04-07 06:38:23,Access,9,ERICSSON,1,1,0,3,1,0,1,0,0,0,0,0,0,1,0,1
BLR-ACC06-ER01,2025-04-07 06:41:23,Access,9,ERICSSON,3,3,0,9,3,0,1,0,0,0,0,1,1,0,0,1
BLR-ACC06-ER01,2025-04-07 06:41:23,Access,9,ERICSSON,3,3,0,9,3,0,1,0,0,0,0,1,1,0,0,1
BLR-ACC06-ER01,2025-05-21 23:57:50,Access,9,ERICSSON,1,1,0,3,1,0,1,0,0,0,0,0,0,1,0,1
BLR-ACC06-ER01,2025-05-22 00:00:50,Access,9,ERICSSON,3,3,0,9,3,0,1,0,0,0,0,1,1,0,0,1
BLR-ACC06-ER01,2025-05-22 00:00:50,Access,9,ERICSSON,3,3,0,9,3,0,1,0,0,0,0,1,1,0,0,1
MYS-METRO02-NK01,2025-01-18 02:01:46,Metro,7,NOKIA,1,1,0,3,1,1,0,0,0,0,0,0,0,0,4,3
MYS-METRO02-NK01,2025-01-22 17:11:00,Metro,7,NOKIA,1,0,1,2,1,0,0,1,0,0,0,0,0,0,4,3
MYS-METRO02-NK01,2025-04-22 02:44:54,Metro,7,NOKIA,1,1,0,3,1,0,1,0,0,0,0,0,0,0,4,3
MYS-METRO02-NK01,2025-05-01 09:29:23,Metro,7,NOKIA,1,0,0,1,1,0,0,0,1,0,0,0,0,0,4,3
MYS-METRO02-NK01,2025-05-06 00:24:27,Metro,7,NOKIA,1,1,0,3,1,0,0,0,0,0,0,0,0,0,4,3
MYS-METRO02-NK01,2025-06-04 02:16:30,Metro,7,NOKIA,1,1,0,3,1,1,0,0,0,0,0,0,0,0,4,3
MYS-METRO02-NK01,2025-06-19 04:31:54,Metro,7,NOKIA,1,0,1,2,1,0,0,1,0,0,0,0,0,0,4,3
HBL-ACC03-ER01,2025-01-18 07:22:32,Access,9,ERICSSON,1,1,0,3,1,1,0,0,0,0,0,0,0,0,0,1
HBL-ACC03-ER01,2025-03-01 01:01:35,Access,9,ERICSSON,1,0,1,2,1,0,0,0,0,0,1,0,0,0,0,1
HBL-ACC03-ER01,2025-03-26 10:03:47,Access,9,ERICSSON,1,1,0,3,1,0,1,0,0,0,0,0,0,1,0,1
HBL-ACC03-ER01,2025-03-26 10:06:47,Access,9,ERICSSON,3,3,0,9,3,0,1,0,0,0,0,1,1,0,0,1
HBL-ACC03-ER01,2025-03-26 10:06:47,Access,9,ERICSSON,3,3,0,9,3,0,1,0,0,0,0,1,1,0,0,1
HBL-ACC03-ER01,2025-03-29 01:57:21,Access,9,ERICSSON,1,0,1,2,1,0,0,1,0,0,0,0,0,0,0,1
HBL-ACC03-ER01,2025-03-31 12:55:00,Access,9,ERICSSON,1,1,0,3,1,0,1,0,0,0,0,0,0,1,0,1
HBL-ACC03-ER01,2025-03-31 12:58:00,Access,9,ERICSSON,3,3,0,9,3,0,1,0,0,0,0,1,1,0,0,1
HBL-ACC03-ER01,2025-03-31 12:58:00,Access,9,ERICSSON,3,3,0,9,3,0,1,0,0,0,0,1,1,0,0,1
HBL-ACC03-ER01,2025-04-08 00:22:20,Access,9,ERICSSON,1,0,0,1,1,0,0,0,1,0,0,0,0,0,0,1
HBL-ACC03-ER01,2025-05-03 00:35:11,Access,9,ERICSSON,1,1,0,3,1,0,0,0,0,0,0,1,0,0,0,1
HBL-ACC03-ER01,2025-05-16 04:33:37,Access,9,ERICSSON,1,1,0,3,1,0,1,0,0,0,0,0,0,0,0,1
HBL-ACC03-ER01,2025-06-19 12:11:14,Access,9,ERICSSON,1,1,0,3,1,1,0,0,0,0,0,0,0,0,0,1
HBL-MWRLY01-ER01,2025-01-19 01:51:06,Access,9,ERICSSON,1,0,1,2,1,0,0,1,0,0,0,0,0,1,0,1
HBL-MWRLY01-ER01,2025-01-19 01:54:06,Access,9,ERICSSON,2,0,2,4,2,0,0,1,0,0,1,0,0,1,0,1
HBL-MWRLY01-ER01,2025-01-19 01:59:06,Access,9,ERICSSON,3,1,2,7,3,1,0,1,0,0,1,0,0,0,0,1
HBL-MWRLY01-ER01,2025-02-17 21:04:32,Access,9,ERICSSON,1,1,0,3,1,0,0,0,0,0,0,0,1,0,0,1
HBL-MWRLY01-ER01,2025-02-21 16:31:09,Access,9,ERICSSON,1,1,0,3,1,0,1,0,0,0,0,0,0,1,0,1
HBL-MWRLY01-ER01,2025-02-21 16:34:09,Access,9,ERICSSON,3,3,0,9,3,0,1,0,0,0,0,1,1,0,0,1
HBL-MWRLY01-ER01,2025-02-21 16:34:09,Access,9,ERICSSON,3,3,0,9,3,0,1,0,0,0,0,1,1,0,0,1
HBL-MWRLY01-ER01,2025-03-31 14:56:37,Access,9,ERICSSON,1,1,0,3,1,0,1,0,0,0,0,0,0,0,0,1
BLR-ACC04-ER01,2025-01-19 02:10:01,Access,9,ERICSSON,1,1,0,3,1,1,0,0,0,0,0,0,0,0,0,1
BLR-ACC04-ER01,2025-03-12 23:10:39,Access,9,ERICSSON,1,1,0,3,1,0,0,0,0,0,0,0,1,0,0,1
BLR-ACC04-ER01,2025-06-12 05:02:11,Access,9,ERICSSON,1,1,0,3,1,0,1,0,0,0,0,0,0,0,0,1
BLR-ACC04-ER01,2025-06-22 06:59:05,Access,9,ERICSSON,1,1,0,3,1,1,0,0,0,0,0,0,0,0,0,1
MGR-AGG01-HW01,2025-01-19 10:41:46,Aggregation,8,HUAWEI,1,1,0,3,1,0,1,0,0,0,0,0,0,0,1,2
MGR-AGG01-HW01,2025-02-17 01:46:03,Aggregation,8,HUAWEI,1,1,0,3,1,1,0,0,0,0,0,0,0,0,1,2
MGR-AGG01-HW01,2025-03-25 01:24:52,Aggregation,8,HUAWEI,1,0,0,1,1,0,0,0,0,0,0,0,0,0,1,2
MGR-AGG01-HW01,2025-05-17 10:21:13,Aggregation,8,HUAWEI,1,1,0,3,1,0,1,0,0,0,0,0,0,0,1,2
OLA_MYS_HBL_01,2025-01-19 19:12:48,DWDM,7,NOKIA,1,0,1,2,1,0,0,0,0,0,0,0,0,0,3,3
OLA_MYS_HBL_01,2025-02-04 15:47:57,DWDM,7,NOKIA,1,0,1,2,1,0,0,0,0,0,0,0,0,0,3,3
OLA_MYS_HBL_01,2025-04-11 06:47:22,DWDM,7,NOKIA,1,1,0,3,1,0,0,0,0,0,0,0,0,0,3,3
OLA_MYS_HBL_01,2025-04-21 09:26:42,DWDM,7,NOKIA,1,1,0,3,1,1,0,0,0,0,0,0,0,0,3,3
OLA_MYS_HBL_01,2025-06-11 09:03:56,DWDM,7,NOKIA,1,0,1,2,1,0,0,0,0,0,0,0,0,0,3,3
OLA_MYS_HBL_01,2025-06-13 04:01:16,DWDM,7,NOKIA,1,0,1,2,1,0,0,0,0,0,0,0,0,0,3,3
OLA_MYS_HBL_01,2025-06-14 11:42:32,DWDM,7,NOKIA,1,0,1,2,1,0,0,0,0,0,0,0,0,0,3,3
OLA_MYS_HBL_01,2025-06-27 22:24:26,DWDM,7,NOKIA,1,1,0,3,1,0,0,0,0,0,0,0,0,0,3,3
MYS-AGG02-HW01,2025-01-20 07:42:03,Aggregation,8,HUAWEI,1,0,0,1,1,0,0,0,1,0,0,0,0,0,1,2
MYS-AGG02-HW01,2025-01-26 00:23:24,Aggregation,8,HUAWEI,1,0,0,1,1,0,0,0,0,0,0,0,0,0,1,2
MYS-AGG02-HW01,2025-02-14 06:59:39,Aggregation,8,HUAWEI,1,1,0,3,1,0,1,0,0,0,0,0,0,0,1,2
MYS-AGG02-HW01,2025-03-18 09:46:05,Aggregation,8,HUAWEI,1,0,0,1,1,0,0,0,1,0,0,0,0,0,1,2
MYS-AGG02-HW01,2025-03-22 07:03:15,Aggregation,8,HUAWEI,1,0,0,1,1,0,0,0,1,0,0,0,0,0,1,2
MYS-AGG02-HW01,2025-04-10 06:07:08,Aggregation,8,HUAWEI,1,1,0,3,1,1,0,0,0,0,0,0,0,0,1,2
MYS-AGG02-HW01,2025-04-26 01:01:22,Aggregation,8,HUAWEI,1,0,0,1,1,0,0,0,1,0,0,0,0,0,1,2
MYS-AGG02-HW01,2025-06-24 17:12:58,Aggregation,8,HUAWEI,1,1,0,3,1,1,0,0,0,0,0,0,0,0,1,2
MYS-AGG02-HW01,2025-06-27 12:22:04,Aggregation,8,HUAWEI,1,0,1,2,1,0,0,1,0,0,0,0,0,0,1,2
HBL-AGG02-HW01,2025-01-21 02:42:30,Aggregation,8,HUAWEI,1,0,1,2,1,0,0,0,0,0,1,0,0,0,1,2
HBL-AGG02-HW01,2025-02-01 00:37:03,Aggregation,8,HUAWEI,1,1,0,3,1,0,1,0,0,0,0,0,0,0,1,2
HBL-AGG02-HW01,2025-02-27 20:46:19,Aggregation,8,HUAWEI,1,0,0,1,1,0,0,0,0,0,0,0,0,0,1,2
HBL-AGG02-HW01,2025-03-25 21:24:07,Aggregation,8,HUAWEI,1,0,1,2,1,0,0,0,0,0,1,0,0,0,1,2
HBL-AGG02-HW01,2025-03-26 10:01:47,Aggregation,8,HUAWEI,1,1,0,3,1,1,0,0,0,0,0,0,0,0,1,2
BLR-CORE01-CS01,2025-01-23 07:19:12,Core,6,CISCO,1,0,0,1,1,0,0,0,1,0,0,0,0,0,2,0
BLR-CORE01-CS01,2025-02-21 20:33:48,Core,6,CISCO,1,0,1,2,1,0,0,0,0,0,1,0,0,0,2,0
BLR-CORE01-CS01,2025-04-01 22:18:54,Core,6,CISCO,1,0,0,1,1,0,0,0,0,0,0,0,0,0,2,0
BLR-CORE01-CS01,2025-05-23 09:18:07,Core,6,CISCO,1,1,0,3,1,0,0,0,0,0,0,0,0,0,2,0
BLR-CORE01-CS01,2025-06-17 17:40:27,Core,6,CISCO,1,0,0,1,1,0,0,0,1,0,0,0,0,0,2,0
BLR-ACC01-HW01,2025-01-27 06:49:22,Access,9,HUAWEI,1,1,0,3,1,0,0,0,0,0,0,1,0,0,0,2
BLR-ACC01-HW01,2025-05-18 11:12:09,Access,9,HUAWEI,1,0,1,2,1,0,0,1,0,0,0,0,0,0,0,2
BLR-ACC01-HW01,2025-06-24 17:14:58,Access,9,HUAWEI,1,1,0,3,1,0,1,0,0,0,0,0,0,1,0,2
BLR-ACC01-HW01,2025-06-24 17:17:58,Access,9,HUAWEI,3,3,0,9,3,0,1,0,0,0,0,1,1,0,0,2
BLR-ACC01-HW01,2025-06-24 17:17:58,Access,9,HUAWEI,3,3,0,9,3,0,1,0,0,0,0,1,1,0,0,2
BLR-ACC01-HW01,2025-06-29 01:09:41,Access,9,HUAWEI,1,1,0,3,1,0,1,0,0,0,0,0,0,1,0,2
BLR-ACC01-HW01,2025-06-29 01:12:41,Access,9,HUAWEI,3,3,0,9,3,0,1,0,0,0,0,1,1,0,0,2
BLR-ACC01-HW01,2025-06-29 01:12:41,Access,9,HUAWEI,3,3,0,9,3,0,1,0,0,0,0,1,1,0,0,2
BLR-ACC03-NK01,2025-02-01 01:10:30,Access,9,NOKIA,1,1,0,3,1,0,1,0,0,0,0,0,0,0,0,3
BLR-ACC03-NK01,2025-04-23 16:18:19,Access,9,NOKIA,1,1,0,3,1,0,0,0,0,0,0,1,0,0,0,3
BLR-ACC03-NK01,2025-05-24 16:40:39,Access,9,NOKIA,1,0,1,2,1,0,0,0,0,0,1,0,0,0,0,3
MYS-AGG01-HW01,2025-02-01 19:42:18,Aggregation,8,HUAWEI,1,0,1,2,1,0,0,0,0,0,1,0,0,0,1,2
MYS-AGG01-HW01,2025-02-09 02:01:01,Aggregation,8,HUAWEI,1,0,1,2,1,0,0,0,0,0,1,0,0,0,1,2
MYS-AGG01-HW01,2025-05-21 23:55:50,Aggregation,8,HUAWEI,1,1,0,3,1,1,0,0,0,0,0,0,0,0,1,2
MYS-AGG03-HW01,2025-02-03 04:42:56,Aggregation,8,HUAWEI,1,1,0,3,1,0,1,0,0,0,0,0,0,0,1,2
MYS-AGG03-HW01,2025-03-30 07:41:27,Aggregation,8,HUAWEI,1,1,0,3,1,1,0,0,0,0,0,0,0,0,1,2
MYS-AGG03-HW01,2025-04-04 02:35:58,Aggregation,8,HUAWEI,1,0,0,1,1,0,0,0,0,0,0,0,0,0,1,2
MYS-AGG03-HW01,2025-04-06 05:28:24,Aggregation,8,HUAWEI,1,0,1,2,1,0,0,1,0,0,0,0,0,0,1,2
MYS-AGG03-HW01,2025-04-07 06:36:23,Aggregation,8,HUAWEI,1,1,0,3,1,1,0,0,0,0,0,0,0,0,1,2
MYS-AGG03-HW01,2025-05-06 10:38:05,Aggregation,8,HUAWEI,1,1,0,3,1,0,1,0,0,0,0,0,0,0,1,2
MYS-AGG03-HW01,2025-05-28 08:33:28,Aggregation,8,HUAWEI,1,0,0,1,1,0,0,0,0,0,0,0,0,0,1,2
MGR-AGG03-NK01,2025-02-09 20:49:30,Aggregation,8,NOKIA,1,0,0,1,1,0,0,0,1,0,0,0,0,0,1,3
MGR-AGG03-NK01,2025-02-10 11:24:09,Aggregation,8,NOKIA,1,1,0,3,1,1,0,0,0,0,0,0,0,0,1,3
MGR-AGG03-NK01,2025-03-15 05:48:23,Aggregation,8,NOKIA,1,0,1,2,1,0,0,1,0,0,0,0,0,0,1,3
MGR-AGG03-NK01,2025-03-17 12:58:56,Aggregation,8,NOKIA,1,0,0,1,1,0,0,0,0,0,0,0,0,0,1,3
MGR-AGG03-NK01,2025-03-28 07:18:01,Aggregation,8,NOKIA,1,0,1,2,1,0,0,1,0,0,0,0,0,0,1,3
MGR-AGG03-NK01,2025-04-04 18:21:43,Aggregation,8,NOKIA,1,0,1,2,1,0,0,1,0,0,0,0,0,0,1,3
MGR-AGG03-NK01,2025-04-19 17:56:24,Aggregation,8,NOKIA,1,1,0,3,1,0,1,0,0,0,0,0,0,0,1,3
MGR-AGG03-NK01,2025-06-15 04:20:00,Aggregation,8,NOKIA,1,0,0,1,1,0,0,0,1,0,0,0,0,0,1,3
MGR-ACC04-HW01,2025-02-10 16:55:14,Access,9,HUAWEI,1,1,0,3,1,1,0,0,0,0,0,0,0,0,0,2
MGR-ACC04-HW01,2025-02-25 23:02:38,Access,9,HUAWEI,1,1,0,3,1,1,0,0,0,0,0,0,0,0,0,2
MGR-ACC04-HW01,2025-03-26 10:03:47,Access,9,HUAWEI,1,1,0,3,1,0,1,0,0,0,0,0,0,1,0,2
MGR-ACC04-HW01,2025-03-26 10:06:47,Access,9,HUAWEI,3,3,0,9,3,0,1,0,0,0,0,1,1,0,0,2
MGR-ACC04-HW01,2025-03-26 10:06:47,Access,9,HUAWEI,3,3,0,9,3,0,1,0,0,0,0,1,1,0,0,2
MGR-ACC04-HW01,2025-04-15 11:42:25,Access,9,HUAWEI,1,1,0,3,1,0,1,0,0,0,0,0,0,0,0,2
BLR-MWRLY01-ER01,2025-02-12 11:55:50,Access,9,ERICSSON,1,0,0,1,1,0,0,0,0,1,0,0,0,0,0,1
BLR-MWRLY01-ER01,2025-02-21 04:10:40,Access,9,ERICSSON,1,0,1,2,1,0,0,1,0,0,0,0,0,0,0,1
BLR-MWRLY01-ER01,2025-02-21 23:01:06,Access,9,ERICSSON,1,1,0,3,1,0,0,0,0,0,0,1,0,0,0,1
BLR-MWRLY01-ER01,2025-03-06 23:24:33,Access,9,ERICSSON,1,0,0,1,1,0,0,0,1,0,0,0,0,0,0,1
BLR-MWRLY01-ER01,2025-04-01 22:30:59,Access,9,ERICSSON,1,0,1,2,1,0,0,1,0,0,0,0,0,0,0,1
BLR-MWRLY01-ER01,2025-04-17 09:47:20,Access,9,ERICSSON,1,1,0,3,1,0,1,0,0,0,0,0,0,1,0,1
BLR-MWRLY01-ER01,2025-04-17 09:50:20,Access,9,ERICSSON,3,3,0,9,3,0,1,0,0,0,0,1,1,0,0,1
BLR-MWRLY01-ER01,2025-04-17 09:50:20,Access,9,ERICSSON,3,3,0,9,3,0,1,0,0,0,0,1,1,0,0,1
BLR-METRO02-NK01,2025-02-12 14:23:16,Metro,7,NOKIA,1,0,0,1,1,0,0,0,1,0,0,0,0,0,4,3
BLR-METRO02-NK01,2025-02-21 03:22:24,Metro,7,NOKIA,1,1,0,3,1,0,1,0,0,0,0,0,0,0,4,3
BLR-METRO02-NK01,2025-04-08 05:34:27,Metro,7,NOKIA,1,1,0,3,1,1,0,0,0,0,0,0,0,0,4,3
BLR-METRO02-NK01,2025-04-14 20:06:21,Metro,7,NOKIA,1,0,1,2,1,0,0,1,0,0,0,0,0,0,4,3
BLR-METRO02-NK01,2025-05-06 06:26:46,Metro,7,NOKIA,1,0,1,2,1,0,0,1,0,0,0,0,0,0,4,3
MYS-ACC02-HW01,2025-02-13 22:37:50,Access,9,HUAWEI,1,0,1,2,1,0,0,1,0,0,0,0,0,0,0,2
MYS-ACC02-HW01,2025-03-14 18:22:44,Access,9,HUAWEI,1,0,1,2,1,0,0,1,0,0,0,0,0,0,0,2
MYS-ACC02-HW01,2025-04-07 06:38:23,Access,9,HUAWEI,1,1,0,3,1,0,1,0,0,0,0,0,0,1,0,2
MYS-ACC02-HW01,2025-04-07 06:41:23,Access,9,HUAWEI,3,3,0,9,3,0,1,0,0,0,0,1,1,0,0,2
MYS-ACC02-HW01,2025-04-07 06:41:23,Access,9,HUAWEI,3,3,0,9,3,0,1,0,0,0,0,1,1,0,0,2
MYS-ACC06-ER01,2025-02-14 01:12:17,Access,9,ERICSSON,1,1,0,3,1,1,0,0,0,0,0,0,0,0,0,1
MYS-ACC06-ER01,2025-03-30 04:18:11,Access,9,ERICSSON,1,1,0,3,1,0,1,0,0,0,0,0,0,0,0,1
MYS-ACC06-ER01,2025-04-03 05:35:21,Access,9,ERICSSON,1,1,0,3,1,0,0,0,0,0,0,1,0,0,0,1
MYS-ACC06-ER01,2025-04-17 09:47:20,Access,9,ERICSSON,1,1,0,3,1,0,1,0,0,0,0,0,0,1,0,1
MYS-ACC06-ER01,2025-04-17 09:50:20,Access,9,ERICSSON,3,3,0,9,3,0,1,0,0,0,0,1,1,0,0,1
MYS-ACC06-ER01,2025-04-17 09:50:20,Access,9,ERICSSON,3,3,0,9,3,0,1,0,0,0,0,1,1,0,0,1
MYS-ACC06-ER01,2025-05-08 07:54:16,Access,9,ERICSSON,1,1,0,3,1,0,0,0,0,0,0,0,1,0,0,1
MYS-ACC06-ER01,2025-05-31 13:57:37,Access,9,ERICSSON,1,1,0,3,1,0,0,0,0,0,0,0,1,0,0,1
MYS-ACC06-ER01,2025-06-29 11:41:52,Access,9,ERICSSON,1,0,1,2,1,0,0,1,0,0,0,0,0,0,0,1
BLR-AGG01-NK01,2025-02-15 23:07:09,Aggregation,8,NOKIA,1,0,1,2,1,0,0,1,0,0,0,0,0,0,1,3
BLR-AGG01-NK01,2025-04-17 09:45:20,Aggregation,8,NOKIA,1,1,0,3,1,1,0,0,0,0,0,0,0,0,1,3
BLR-AGG01-NK01,2025-05-06 12:23:08,Aggregation,8,NOKIA,1,0,1,2,1,0,0,1,0,0,0,0,0,0,1,3
BLR-AGG01-NK01,2025-06-07 03:20:01,Aggregation,8,NOKIA,1,1,0,3,1,1,0,0,0,0,0,0,0,0,1,3
BLR-AGG01-NK01,2025-06-10 00:02:27,Aggregation,8,NOKIA,1,1,0,3,1,1,0,0,0,0,0,0,0,0,1,3
BLR-AGG01-NK01,2025-06-19 09:11:17,Aggregation,8,NOKIA,1,1,0,3,1,1,0,0,0,0,0,0,0,0,1,3
MGR-ACC03-NK01,2025-02-17 15:36:57,Access,9,NOKIA,1,0,0,1,1,0,0,0,0,1,0,0,0,0,0,3
MGR-ACC03-NK01,2025-02-25 22:43:45,Access,9,NOKIA,1,1,0,3,1,0,0,0,0,0,0,0,1,0,0,3
MGR-ACC03-NK01,2025-03-01 05:57:43,Access,9,NOKIA,1,1,0,3,1,0,0,0,0,0,0,1,0,0,0,3
MGR-ACC03-NK01,2025-03-26 18:52:23,Access,9,NOKIA,1,1,0,3,1,1,0,0,0,0,0,0,0,0,0,3
MGR-ACC03-NK01,2025-04-21 16:00:21,Access,9,NOKIA,1,0,1,2,1,0,0,1,0,0,0,0,0,0,0,3
MGR-ACC03-NK01,2025-05-21 09:02:42,Access,9,NOKIA,1,0,0,1,1,0,0,0,1,0,0,0,0,0,0,3
MGR-ACC03-NK01,2025-06-29 01:09:41,Access,9,NOKIA,1,1,0,3,1,0,1,0,0,0,0,0,0,1,0,3
MGR-ACC03-NK01,2025-06-29 01:12:41,Access,9,NOKIA,3,3,0,9,3,0,1,0,0,0,0,1,1,0,0,3
MGR-ACC03-NK01,2025-06-29 01:12:41,Access,9,NOKIA,3,3,0,9,3,0,1,0,0,0,0,1,1,0,0,3
BLR-ACC05-ER01,2025-02-18 18:30:16,Access,9,ERICSSON,1,0,0,1,1,0,0,0,0,1,0,0,0,0,0,1
BLR-ACC05-ER01,2025-02-21 16:31:09,Access,9,ERICSSON,1,1,0,3,1,0,1,0,0,0,0,0,0,1,0,1
BLR-ACC05-ER01,2025-02-21 16:34:09,Access,9,ERICSSON,3,3,0,9,3,0,1,0,0,0,0,1,1,0,0,1
BLR-ACC05-ER01,2025-02-21 16:34:09,Access,9,ERICSSON,3,3,0,9,3,0,1,0,0,0,0,1,1,0,0,1
BLR-ACC05-ER01,2025-03-05 14:28:24,Access,9,ERICSSON,1,1,0,3,1,0,1,0,0,0,0,0,0,1,0,1
BLR-ACC05-ER01,2025-03-05 14:31:24,Access,9,ERICSSON,3,3,0,9,3,0,1,0,0,0,0,1,1,0,0,1
BLR-ACC05-ER01,2025-03-05 14:31:24,Access,9,ERICSSON,3,3,0,9,3,0,1,0,0,0,0,1,1,0,0,1
BLR-ACC05-ER01,2025-04-20 14:13:53,Access,9,ERICSSON,1,0,0,1,1,0,0,0,1,0,0,0,0,0,0,1
BLR-ACC05-ER01,2025-05-31 21:34:11,Access,9,ERICSSON,1,0,1,2,1,0,0,0,0,0,1,0,0,0,0,1
MGR-METRO02-NK01,2025-02-20 16:29:20,Metro,7,NOKIA,1,0,1,2,1,0,0,0,0,0,1,0,0,0,4,3
MGR-METRO02-NK01,2025-03-06 06:17:29,Metro,7,NOKIA,1,1,0,3,1,0,0,0,0,0,0,0,0,0,4,3
MGR-METRO02-NK01,2025-04-13 18:04:20,Metro,7,NOKIA,1,1,0,3,1,1,0,0,0,0,0,0,0,0,4,3
MGR-METRO02-NK01,2025-06-19 05:02:07,Metro,7,NOKIA,1,0,1,2,1,0,0,1,0,0,0,0,0,0,4,3
OLA_HBL_MGR_01,2025-02-23 20:33:38,DWDM,7,NOKIA,1,0,1,2,1,0,0,0,0,0,0,0,0,0,3,3
OLA_HBL_MGR_01,2025-05-09 09:29:02,DWDM,7,NOKIA,1,1,0,3,1,1,0,0,0,0,0,0,0,0,3,3
OLA_HBL_MGR_01,2025-05-19 00:07:08,DWDM,7,NOKIA,1,1,0,3,1,0,0,0,0,0,0,0,0,0,3,3
MGR-ACC05-ER01,2025-02-23 22:54:06,Access,9,ERICSSON,1,0,1,2,1,0,0,0,0,0,1,0,0,0,0,1
MGR-ACC05-ER01,2025-03-01 12:58:43,Access,9,ERICSSON,1,1,0,3,1,1,0,0,0,0,0,0,0,0,0,1
MGR-ACC05-ER01,2025-07-01 09:11:52,Access,9,ERICSSON,1,1,0,3,1,0,0,0,0,0,0,1,0,0,0,1
MYS-METRO01-CS01,2025-02-27 04:47:08,Metro,7,CISCO,1,0,1,2,1,0,0,0,0,0,1,0,0,0,4,0
MYS-METRO01-CS01,2025-03-20 19:39:15,Metro,7,CISCO,1,1,0,3,1,0,0,0,0,0,0,0,0,0,4,0
MYS-METRO01-CS01,2025-05-08 20:59:46,Metro,7,CISCO,1,0,1,2,1,0,0,1,0,0,0,0,0,0,4,0
MYS-MWRLY02-ER01,2025-03-03 00:02:17,Access,9,ERICSSON,1,0,1,2,1,0,0,1,0,0,0,0,0,1,0,1
MYS-MWRLY02-ER01,2025-03-03 00:05:17,Access,9,ERICSSON,2,0,2,4,2,0,0,1,0,0,1,0,0,1,0,1
MYS-MWRLY02-ER01,2025-03-03 00:10:17,Access,9,ERICSSON,3,1,2,7,3,1,0,1,0,0,1,0,0,0,0,1
MYS-MWRLY02-ER01,2025-03-19 22:41:42,Access,9,ERICSSON,1,0,1,2,1,0,0,1,0,0,0,0,0,1,0,1
MYS-MWRLY02-ER01,2025-03-19 22:44:42,Access,9,ERICSSON,2,0,2,4,2,0,0,1,0,0,1,0,0,1,0,1
MYS-MWRLY02-ER01,2025-03-19 22:49:42,Access,9,ERICSSON,3,1,2,7,3,1,0,1,0,0,1,0,0,0,0,1
MYS-MWRLY02-ER01,2025-04-05 10:11:45,Access,9,ERICSSON,1,1,0,3,1,0,0,0,0,0,0,1,0,0,0,1
MYS-MWRLY02-ER01,2025-04-09 13:52:23,Access,9,ERICSSON,1,0,0,1,1,0,0,0,0,1,0,0,0,0,0,1
MYS-MWRLY02-ER01,2025-04-20 10:32:15,Access,9,ERICSSON,1,0,1,2,1,0,0,0,0,0,1,0,0,0,0,1
MYS-MWRLY02-ER01,2025-04-24 14:55:46,Access,9,ERICSSON,1,0,1,2,1,0,0,1,0,0,0,0,0,1,0,1
MYS-MWRLY02-ER01,2025-04-24 14:58:46,Access,9,ERICSSON,2,0,2,4,2,0,0,1,0,0,1,0,0,1,0,1
MYS-MWRLY02-ER01,2025-04-24 15:03:46,Access,9,ERICSSON,3,1,2,7,3,1,0,1,0,0,1,0,0,0,0,1
MYS-MWRLY02-ER01,2025-06-28 18:08:30,Access,9,ERICSSON,1,0,1,2,1,0,0,0,0,0,1,0,0,0,0,1
BLR-METRO01-NK01,2025-03-05 16:18:30,Metro,7,NOKIA,1,0,1,2,1,0,0,0,0,0,1,0,0,0,4,3
BLR-METRO01-NK01,2025-04-01 05:38:43,Metro,7,NOKIA,1,1,0,3,1,1,0,0,0,0,0,0,0,0,4,3
BLR-METRO01-NK01,2025-05-05 04:14:52,Metro,7,NOKIA,1,1,0,3,1,0,0,0,0,0,0,0,0,0,4,3
BLR-METRO01-NK01,2025-05-24 04:41:59,Metro,7,NOKIA,1,1,0,3,1,0,0,0,0,0,0,0,0,0,4,3
HBL-ACC06-HW01,2025-03-25 22:22:51,Access,9,HUAWEI,1,1,0,3,1,0,0,0,0,0,0,1,0,0,0,2
HBL-ACC06-HW01,2025-06-15 15:41:31,Access,9,HUAWEI,1,1,0,3,1,0,0,0,0,0,0,1,0,0,0,2
HBL-ACC06-HW01,2025-06-28 02:37:49,Access,9,HUAWEI,1,1,0,3,1,0,0,0,0,0,0,0,1,0,0,2
MGR-ACC06-HW01,2025-04-18 16:45:57,Access,9,HUAWEI,1,0,0,1,1,0,0,0,0,1,0,0,0,0,0,2
MGR-ACC06-HW01,2025-05-01 05:10:55,Access,9,HUAWEI,1,1,0,3,1,1,0,0,0,0,0,0,0,0,0,2
MGR-ACC06-HW01,2025-06-05 13:07:06,Access,9,HUAWEI,1,0,1,2,1,0,0,1,0,0,0,0,0,0,0,2
MGR-ACC06-HW01,2025-06-06 14:07:17,Access,9,HUAWEI,1,1,0,3,1,0,1,0,0,0,0,0,0,0,0,2
